file,fruits,whole_plant,flowers,reproductive_structure,leaves,time
01396dd0-2cd9-4eab-965c-8fc9cd850efa.jpg,1,1,0,1,0,90.92085220899935
01870f4a-e557-4c4b-8dc4-8ea0765e5d24.jpg,0,0,1,1,1,19.96254370799943
03279994-ad2e-4156-9a55-21c11fa8a61b.jpg,0,0,1,1,1,74.36646779199691
03495f30-ee36-4384-92ee-9caeeae4e6fd.jpg,1,0,0,1,1,53.757541790993855
0412035a-0490-4321-a24e-6644b4b76f21.jpg,0,0,0,0,1,10.389871750001475
07641bd2-0467-409e-aaf2-2e9ec527e520.jpg,0,0,0,0,0,52.13489512400429
084026d6-0116-4ab8-abf6-ba089c8a1348.jpg,0,0,0,0,1,35.61042970800008
0911fc79-00ce-4036-af25-dbebb9865f3f.jpg,1,0,0,1,1,28.622950416000094
0915e657-a26a-4f56-9287-cc679f049b68.jpg,0,0,0,0,1,15.562867125001503
094379a1-e55a-4a86-a3a5-144aca4889c6.jpg,N,N,N,N,N,2.451805124999737
0954d877-79f9-48f9-bdea-3a2b6f264f42.jpg,U,1,0,1,1,117.61250254100742
0962f57e-4efc-4f70-bcf9-65eb5013fbf9.jpg,1,0,0,1,1,27.17746537500534
102910b6-8297-437b-a40f-3af36300e715.jpg,1,0,0,1,1,27.53774225000052
10890fb5-c315-4e3f-9b57-45b747945b0f.jpg,0,1,0,0,1,5.878449458999967
1134d99f-7db1-45df-9f29-2d65f1a3fc77.jpg,1,1,0,1,1,32.88225895799951
11749b5d-50d5-4243-9590-6e1a7ce66ed1.jpg,1,0,U,1,1,79.54853445800109
1198349e-b6b8-4088-8b59-6f8164de1718.jpg,1,0,0,1,1,24.29384516600112
1203d182-88ed-4b0b-b379-05113d6aedd8.jpg,1,0,1,1,1,44.782733416002884
12250ad8-bb48-4110-a0fe-feff99c49724.jpg,1,0,0,1,1,4.321052457999031
12367a46-3f47-401a-b8ad-b45a3846ea37.jpg,0,0,0,0,1,7.659633790997759
12687dc4-e3ae-4e11-a7bf-f700380e19e0.jpg,N,N,N,N,N,1.2529237910021038
1277649b-f0f2-4388-a6c5-21a87d28903f.jpg,U,0,1,1,1,31.022508249997372
12809060-f1bd-4317-a068-108380aada5c.jpg,1,0,0,1,1,26.473836375000246
1292e87e-ef87-45b0-be81-00e6909e624c.jpg,1,1,0,1,1,4.7970690410002135
139919b0-c3d7-4531-9184-aab5ec5c39da.jpg,1,0,0,1,1,49.690323792001436
14293650-12c5-4eab-b156-d2b2a9b2e67a.jpg,U,0,1,1,1,93.1185699580019
14955b83-0d3d-4143-a1c4-f47b5316d211.jpg,1,0,0,1,1,7.11717583400241
1536a6e7-195f-4125-bcea-32bb14251efe.jpg,U,0,U,1,1,54.696482248998564
15639e4d-ee0a-4ee0-b18d-c57666a73349.jpg,0,0,1,1,1,8.097709707999456
1607e3ff-51d0-4b86-a9ba-8c929264d0b6.jpg,N,N,N,N,N,2.5872112500001094
16114467-9d7c-4b15-ad5c-3dd9b3125b0c.jpg,0,0,0,0,1,5.017999125000642
17516dd7-8d0d-4d34-83fd-a7703b9cec7a.jpg,1,0,0,1,1,6.915741583001363
17655d04-65fb-4ad2-b4c5-ff105c6edf26.jpg,1,0,0,1,1,114.05163504099983
1839cd6b-a4f1-4591-9930-6a7ea53e31b6.jpg,0,0,0,1,1,425.776809459001
1975a5aa-82bb-4d26-bba8-cbe9ae62e2f4.jpg,0,0,0,0,1,4.046304542000144
2001d073-103e-4b0b-a878-e852a906ca7c.jpg,1,0,1,1,1,87.27664566700332
2036386f-e688-4ebb-a122-8ba5edbc4ca7.jpg,U,0,1,1,1,16.883722541006136
20372c65-1aec-4aac-92ef-3d6f2006e7d9.jpg,U,0,1,1,1,377.4417377920099
2052c360-2618-4eed-ae42-62c34bb8865a.jpg,U,1,1,1,1,268.6666855849944
2199fc97-e5cc-4539-897e-7d790863cc60.jpg,1,0,0,1,1,25.959048582994
23399a31-0a50-4953-83d8-708b9e13e89d.jpg,U,0,U,U,1,42.45149812399586
2425f3eb-e705-4a12-97bc-c912d395ce61.jpg,1,0,0,1,1,16.358413668003777
2535d86c-add7-4eb5-9b4f-0a75f307838d.jpg,1,0,0,1,1,7.183080707996851
25373839-3a41-417d-8afe-eba9d6f73b57.jpg,0,1,0,0,1,6.34098804200039
25449618-6684-4c2b-bf14-11f660fc796d.jpg,1,1,1,1,1,16.44080624900016
254752c8-8458-41b8-b43d-767f6d94f2d6.jpg,0,0,1,1,1,33.72282241599896
2550eafe-bb4a-472d-aaf3-f929a04fb077.jpg,U,1,U,1,1,108.84711470899583
27260532-f2cc-41f6-85a1-73270c8c5967.jpg,0,0,1,1,1,62.345580791996326
2769ee3c-2879-44e1-8f74-5a59c575fa12.jpg,U,0,U,U,0,274.2103699999975
2801671a-d971-4af7-b4d6-9b4947a768a2.jpg,1,0,0,1,1,34.76770487500471
2822ede9-4817-4088-8ece-166cfeae59dd.jpg,1,1,1,1,1,38.92039079199458
2844cb26-2da2-4dbd-8db6-ecc90eb75f8c.jpg,0,0,1,1,1,46.7008362489978
28540768-a194-4130-afcd-2f2ece240760.jpg,1,0,0,1,1,22.765908874007437
28565768-57ce-4b88-a573-b3d2cbb83844.jpg,0,0,0,0,1,47.94070008399285
28680026-9966-4487-b207-e587a6327dc8.jpg,U,1,1,1,1,32.799227708001126
2868109e-9aef-4a3b-8a96-c7774924821f.jpg,1,1,0,1,1,21200.851607208002
2890b676-fe74-4577-88ac-9244c8bfaf1d.jpg,0,0,1,1,1,4.458899125002063
3011c8a6-a43c-4cb0-96b5-6593e20596dd.jpg,1,0,0,1,1,6.149541416998545
30165080-feec-48af-b643-87cd008d9399.jpg,1,0,0,1,1,5.232559207997838
301941c9-e31f-4159-96c1-f223543b0ead.jpg,1,0,1,1,1,81.08714033399883
31115f85-09aa-4cb6-a082-1e15a2639bba.jpg,1,0,0,1,1,71.8237935820016
31520846-1091-4db0-a036-728d8345f0e8.jpg,1,0,1,1,1,17.241145832000257
32003411-c89d-4009-a0c9-6cb8fcc6792b.jpg,1,1,0,1,1,34.66135033199862
32284566-7390-4361-bc64-b6ac679f1f73.jpg,0,1,1,1,1,4.2874400000000605
3241cbc4-6ddc-492a-836e-e4420a3d9a8e.jpg,N,N,N,N,N,4.677548583000316
3256ed0a-f43f-4fcf-9714-83a9e128c82a.jpg,1,0,0,1,1,105.2530929170025
33289c89-30cb-4daf-be10-f5649354aba7.jpg,0,0,0,0,1,3.848576791002415
3337a093-cb2f-40cd-be39-62eda2b63373.jpg,0,1,1,1,1,27.03992483299953
3363f9c2-3d97-4650-915e-fbaae77dc2fb.jpg,U,1,U,1,1,53.65980041699913
34686141-a82c-41ad-ae00-8f796bee8425.jpg,0,0,1,1,1,77.65448545899926
3580b857-566b-48c3-b751-ec457d3c263b.jpg,0,0,U,1,1,207.91512999899578
3590c865-ebf6-4e22-8cb2-0173c84e5761.jpg,1,0,0,1,1,33.31416808299764
3610d705-b0f1-4b7d-b4fe-ea31af8e9f68.jpg,1,1,1,1,1,86.5004376249999
3651a4fc-0a7c-46c3-8d40-7b6f5337ccba.jpg,0,0,0,0,1,13.707598749999306
3718b1a1-724e-4a14-8082-a33c6058e871.jpg,U,0,U,1,1,2795.1907956650048
37719864-3013-4d75-9a70-d35af0462126.jpg,N,N,N,N,N,1.5264693749995786
3796dc01-6a2d-43bd-a032-84544107e4ac.jpg,0,0,1,1,1,33.10074149999855
38037c99-f62f-46d9-a377-924e513d3b15.jpg,0,0,0,0,1,6.702590917000634
3880e0ff-20da-45db-a09c-470ca81adcd0.jpg,U,0,1,1,1,79.55152804200225
38872b29-5782-4045-bb48-0102fd406228.jpg,1,1,1,1,1,5.191030915999363
3898b379-249b-4a0c-9388-15c1a1b0a23d.jpg,1,0,1,1,1,39.68233675000192
4066dc0a-8319-43f5-afac-f0cc937a3863.jpg,0,0,1,1,1,18.636374290997992
40772011-cf3d-42e3-9738-1f7b7ab6cb02.jpg,0,0,0,0,1,215.72904250000283
419202e9-b7af-4cda-9c64-0d988ce6b5af.jpg,0,0,0,0,1,74.21317541700046
4202b1da-3b11-41fd-bac8-56ca9ef8dddc.jpg,1,0,0,1,1,53.50121349899928
44647b57-628a-4ede-bfbc-db3606d1fd10.jpg,0,0,1,1,1,97.17151795900327
447183bd-6cb2-4d83-b086-33d984e0a5f1.jpg,1,1,1,1,1,47.6790891250057
454471c0-b86b-492b-90ed-fd634d41895c.jpg,1,0,0,1,1,108.69120037500215
455837d5-de61-4a2d-b574-808a846ad9bd.jpg,U,0,U,1,1,55.59905000099843
4572b1a4-a275-4002-929b-54d4f96f64d1.jpg,0,1,1,1,1,268.1304314159988
4656ae7c-0a74-4bda-bda9-6a0d41b435e2.jpg,0,1,1,1,1,35.416219582999474
475438ce-d7f6-435b-9967-15e6487283e6.jpg,0,0,1,1,1,82.53585120799971
47650ed3-1a82-48d3-8c3a-db590191be93.jpg,U,1,1,1,1,12.622304874998008
47960c25-bbd4-4f5f-afe5-c86e5b3acaa8.jpg,0,1,1,1,1,6.3631735000017215
4796d356-7dc4-4c4d-b138-f1e54d2fa5d7.jpg,U,0,1,1,1,92.2414740830095
4841510c-7682-47e0-a2f8-559b9eeae2bd.jpg,1,0,1,1,1,68.48862958200425
489850b8-68ec-4caf-bbeb-943cc6c64ec9.jpg,U,1,0,1,1,13.925687625996943
49343de5-001a-410e-ab49-0769d733b834.jpg,1,1,0,1,1,112.14072275099898
4949faa3-f82d-493f-9ed1-f5fc5a64f1c0.jpg,1,1,0,1,0,67.36420304199964
4956b39d-7bbd-43b9-9514-51bc6cc8668f.jpg,0,0,1,1,1,21.61868016600056
5071c7ee-28be-44dd-9928-1b75705a83f3.jpg,U,1,U,1,1,201.36820633300886
5117f9f5-33eb-4254-bd78-64e0658e2a1f.jpg,U,1,0,1,1,118.6132878749977
5125ad5f-c742-4266-9d87-e86bf5b41be9.jpg,0,0,1,1,1,8.227979250001226
5127d1a7-c448-4651-98dc-009d06b32f8d.jpg,U,0,U,1,1,62.60785812299628
5230650a-4a4e-42a1-8940-942e4b24887d.jpg,1,0,0,1,1,23.594466999998986
53042356-515a-4a4b-9e4e-0d69fbcc5d79.jpg,1,0,0,1,1,5.309049415998743
53826b4e-13f0-4d9d-b258-c29354a7e235.jpg,0,0,1,1,1,18.160471916997267
54857529-96ae-46d8-b837-cbb12c69d3b3.jpg,0,0,1,1,1,8.336490749999939
55248067-2834-4b41-9b0a-9120abdd8d46.jpg,0,0,0,0,1,18.45894420800323
55477549-b4a5-401c-80a3-dcc24ea4d61e.jpg,U,0,U,U,1,54.29403475000345
55632540-fe6a-4623-b7fd-fafe0df1fe07.jpg,0,0,1,1,1,223.44898258300236
5578f6a6-31ba-4c83-8a50-05bc6cc84b0f.jpg,1,1,1,1,1,37.30537895800444
5754b1fd-561d-486e-ba72-b6a5aca28890.jpg,0,0,1,1,1,60.389816958000665
57561a33-e980-4258-9380-7cdaea66cd13.jpg,U,1,1,1,1,531.1911360840022
57847f32-cba5-419b-9da7-db714252f7be.jpg,U,0,1,1,0,78.69867791699096
5842b428-b28e-4dd5-803f-b7d78657fc20.jpg,U,0,U,1,1,79.53039262499897
58460ba5-dd70-43cd-bb43-678e035d7ff7.jpg,1,0,0,1,1,4.4907496250016266
5879116c-829a-4eba-a9d4-ca345cdaff2c.jpg,0,0,0,0,1,2705.2765165840065
58797591-f238-40af-b5c2-8d8e94061cad.jpg,1,0,0,1,1,2.677843165998638
59060ed3-6e9c-4216-907a-38caad3b7160.jpg,0,0,0,1,1,123.22578012500344
5915664a-b9bc-4688-b58a-b8503baddd7b.jpg,1,0,0,1,1,4.431802084000083
5924e14f-64bc-4d4a-9ce5-d2a4a3c94969.jpg,0,0,1,1,1,16.444860707997577
59686863-9e16-4c30-9059-8380d35f9b48.jpg,1,0,0,1,1,12.344445833001373
597948b3-bf1f-48d5-b730-b879390f698f.jpg,0,0,0,0,1,7.021802040999319
6009c577-94c8-4daf-9ff0-9521f16eed8f.jpg,0,0,U,1,1,45.6498673319993
608992e1-1bb1-40e7-8cc5-7129accbee6d.jpg,1,0,0,1,1,36.7708626249987
613738fb-2c79-40c3-9221-5c52e0537fa8.jpg,U,0,U,1,1,66.0828566250002
6201e861-6c5d-44ef-bb2f-1272bf435e88.jpg,0,0,0,0,1,14.69805866599927
62290324-07dc-406d-abaa-5bea4c01d97e.jpg,1,0,0,1,1,5.565003167001123
62994a0e-1b1b-42a7-9b75-c8ac2085dcbc.jpg,0,0,1,1,1,25.33365895800125
63045957-7afc-490b-905f-1b8f98d305a4.jpg,1,0,0,1,1,18.850979874998302
64364760-f51c-4b19-b0a6-cd89f1ddc108.jpg,1,0,1,1,1,6.232461250001506
65324230-c849-4891-b95e-d3ec99449db8.jpg,1,1,1,1,1,7.931617875001393
65870702-85a9-46e6-9b14-00d6f6f66b17.jpg,U,0,U,U,1,44.17216070900213
6610c4c8-8143-4efd-b661-128e6ae2168c.jpg,0,0,1,1,1,66.28725054200459
66671027-7e72-494c-9c04-bab9cf0716ee.jpg,1,1,1,1,1,24.814264667000316
68025273-987f-44ad-990a-8c2f0a4de87e.jpg,U,0,U,U,1,93032.73828312401
68677e55-5b99-40be-adf4-9a2be0029a85.jpg,U,0,1,1,1,160.81604504199822
700653e0-ba3c-4491-9852-1120a47a2128.jpg,N,N,N,N,N,1.130166167000425
70930d58-f88b-40a3-86d2-0567f46af34d.jpg,N,N,N,N,N,1.1288752910004405
7154250b-69af-4b4e-8280-9c0b46ba1cd6.jpg,1,0,0,1,1,39.28474916699997
71549aa5-d334-4e28-ae82-eb64763a8170.jpg,1,0,0,1,1,2.4669997909986705
716336c9-a883-496b-8064-5fdfc91cb7e1.jpg,N,N,N,N,N,0.9923027500008175
71677038-f329-4c43-96cd-883c52e37062.jpg,0,0,1,1,1,2.887906500000099
7175a83b-b647-48cc-b872-029342007d7a.jpg,0,0,0,0,1,2.9494562090003456
72061bd1-376a-4f00-8bed-d29d11c2d1c8.jpg,1,1,0,1,1,79.52503129199977
7243e004-2429-426a-9091-f8b73b071c79.jpg,0,0,1,1,1,15.226060957998925
7297ed77-a41b-4614-a9d5-c62b669f511f.jpg,1,0,1,1,1,130.1650560000071
73222521-e0f3-439e-864b-6e6822dc6d80.jpg,0,0,1,1,1,38.091255291999914
73880927-6f0f-449e-9ee5-464d1f720d64.jpg,0,0,0,0,1,3.1929524580009456
7407a482-0c7f-454f-bd00-3f461ac1a2e9.jpg,U,0,U,U,1,296.8089867079998
7437c7b7-431b-42ad-a80f-a41537f71bd0.jpg,1,0,0,1,1,42.02572258299733
744928f3-1e50-4c5d-a01a-9435cce1c2cf.jpg,1,0,0,1,1,5.2974976250006875
751404be-617d-428b-94d0-1396de2f9ac7.jpg,U,0,U,1,1,33.62652045899813
75434745-dab2-4e2a-96cc-acf5b25c5558.jpg,1,0,0,1,1,72.88997370901143
7597c323-771a-4441-adfe-2c53fe025d56.jpg,U,1,U,1,1,316.93099208300737
7609faa5-f3f8-475c-b762-2defb569b971.jpg,0,0,0,0,1,2.256849332999991
7649e46b-7ba4-42e1-a9ee-49bcbaf40a4b.jpg,1,0,1,1,1,58.107416208997165
7673bc33-2e24-4f16-8e7f-4936d4849e15.jpg,U,0,1,1,1,213.79265350100502
77388d43-5e98-4fa6-b8d4-ab538cb860a2.jpg,1,0,0,1,1,15.481119459002002
777972c6-b19c-4d32-834b-fbc8f1af8507.jpg,U,1,1,1,1,114.12843274899933
7798d7fa-8d39-4718-861a-237e210bd7fb.jpg,0,0,0,0,1,20.595912459008105
7863db85-d7fe-45a9-b727-9756b236c80a.jpg,1,0,1,1,1,10.092028000999562
78965e40-beca-4741-83a6-deb3411b2057.jpg,1,0,0,1,1,12.69180529100231
8203fb53-7b72-4ce3-96ef-bb2412814aa1.jpg,1,1,1,1,1,5.5645745000001625
821901e4-6a77-4109-a8ca-37024f62f153.jpg,0,0,0,0,1,3.242537458001607
8263b5be-21e5-4a25-961d-9af43b93d33c.jpg,0,0,0,0,1,89.41250441500688
8267c455-4393-4b41-a89b-dbccad81f1f7.jpg,1,0,1,1,1,121.49448437499268
832000c8-d02f-4132-8aaa-03f9897a8edc.jpg,U,0,1,1,1,119.30645108400131
84285e2a-1f69-4b8d-ae2b-62b0b22f31eb.jpg,0,0,1,1,1,3.641498540997418
85214f61-685f-42a2-8815-eff91bd91ffe.jpg,0,0,0,1,1,115.17200983198927
852298d1-680d-4e1f-bb51-58898fa8c6f7.jpg,U,0,U,1,1,16.33922341599009
8532f888-f11b-499f-91db-22880bab460e.jpg,U,0,U,1,1,144.79684708199056
8542def5-c253-4b15-9d5f-2fab55445e43.jpg,U,0,1,1,1,41.74801375000243
8619e5e6-b4cf-43e9-85f1-8ef8a1f8a9aa.jpg,U,0,1,1,1,196.56071629099824
86308e63-0451-47dd-881a-4301f822a64b.jpg,1,0,1,1,1,46.44440212400514
87817939-7265-4985-b58a-a6a394df8d8a.jpg,1,1,1,1,1,10.32849241599979
88626dd4-4ee1-445a-8ac8-fa2ed26f85e7.jpg,1,1,0,1,1,30.083158792003815
8878c9b1-afee-49c0-918f-890a58fc180d.jpg,1,0,0,1,1,4.745506333998492
8893ca15-c61e-4f22-8d43-124a93453c10.jpg,1,0,0,1,1,41.01590716699866
88953905-4a30-4b33-a4ed-a28a614b1361.jpg,U,0,1,1,1,97.58851474999756
8908b639-1924-46f7-ae5c-b1fa950a7cde.jpg,0,0,1,1,1,16.2045062090001
8952573e-9f9d-4a19-8bc9-ede9057c3dfb.jpg,1,1,0,1,1,7.317429292001179
89592f4e-3bc7-4b0d-9f8d-9276c058ee1a.jpg,0,0,1,1,1,81.84675866599719
906cf768-8668-4e1f-a641-9a2382dbf628.jpg,U,0,1,1,1,57.65226370799519
90708d46-7275-49a8-9c35-e69003bf0ef6.jpg,1,0,0,1,1,82.7757685419856
9086264f-7048-48bc-8362-70ba5cba0578.jpg,1,0,0,1,1,3.426398291998339
909554aa-adb4-445a-92dc-1f86661af1a8.jpg,U,0,U,1,1,83.10076620799737
91150508-9282-4c21-b409-c21215b74f3b.jpg,1,0,1,1,1,54.97038737499679
9136eaed-5b6e-46b8-89ac-839a0dda2b22.jpg,0,0,1,1,1,16.61049450000064
91591558-f5c9-436c-b791-6b912ba4290a.jpg,1,1,0,1,1,36.812330041997484
928d4ea8-3559-45bd-8ed5-ece3da2af4b6.jpg,0,0,0,0,1,9.887008958998194
931fcbd8-6434-4e68-8855-a2b7b3332e99.jpg,0,1,1,1,1,410.102795958006
9356ccf1-e597-4c2a-9a19-27995d67bb31.jpg,U,0,1,1,1,1549.6202222919892
948b4f47-ffd3-4f7d-a97e-9f611af971b4.jpg,0,0,1,1,1,751.2585044599991
96063127-ae96-49f2-94d6-7563fffb5044.jpg,0,0,1,1,1,5.002873625002394
960dd033-8c83-4ad6-805c-a95fcd772a75.jpg,0,0,1,1,1,40.95255433299826
9615cd6d-75d2-44e8-921c-9c2f74616f30.jpg,0,0,1,1,1,5.135989125003107
963c60be-1b54-458b-920a-060ca3939993.jpg,0,0,1,1,1,45.47582962500019
96505bd3-ed20-423a-aa8d-155527fc0634.jpg,0,0,U,1,1,51.26900058300089
96926c75-afe0-465e-81ff-930a814d526b.jpg,U,1,1,1,1,13.081721041999117
9692ff30-f46f-4df2-88fa-eb03d215bea7.jpg,0,1,1,1,1,12.673982250002155
9694f5bc-7b94-42aa-9eb5-e323bffbcb67.jpg,1,0,1,1,1,6.566733999999997
97260fa7-8ce7-4b8f-9028-71408527b180.jpg,1,1,1,1,1,13.322384916998999
97545f20-6233-4efc-8838-b6f1764b0979.jpg,1,0,1,1,1,51.40452333400208
9761f5ea-3385-433f-a7cf-9a99bde80902.jpg,0,1,1,1,1,7.764540500000294
9793eeab-f33b-4a0d-8974-0e400f3d7c5d.jpg,1,0,0,1,0,3.4768507500011765
981addd5-3dff-4a83-927a-7e46909ef44b.jpg,N,N,N,N,N,1.1670955840017996
98284601-9dd5-4ce9-accf-aefde222f050.jpg,N,N,N,N,N,0.7715428330011491
99077237-c383-49b7-a9b2-781b9d9a94fc.jpg,U,1,1,1,1,63.386573707990465
99802b37-4553-4a7c-b764-855d932d2442.jpg,U,0,U,1,0,136.4379350829904
a0031830-0c9d-4447-8429-5e9a8695bdd8.jpg,0,1,1,1,1,14.216659667001295
a0308731-03e9-474d-83f3-1d6ac681e8b5.jpg,0,0,0,0,1,1.8949925840024662
a0412379-3c62-4776-8347-de57a78c433e.jpg,1,1,1,1,1,16.45717729199714
a0794e6d-c413-496b-971d-86735f2a5961.jpg,1,0,0,1,1,246.80914079099784
a082a5eb-662c-4700-9bc2-8c8ccbf4b276.jpg,1,0,0,1,1,3.386823083001218
a089ee53-ebe1-4382-8f2c-b1ea053d59c6.jpg,1,0,0,1,1,109.2798600829974
a0c692c4-28a0-4509-aa0f-055f4b5ec09c.jpg,0,0,1,1,1,230346.848993292
a0d5a924-8694-485b-84ee-a1b7bbd12484.jpg,U,0,U,U,1,176.8062523330047
a1a56625-85df-4a2d-a227-7a61cd76391a.jpg,0,0,1,1,1,18.268468167002744
a1d5973a-fcc0-41b9-8f91-dd8e56d50792.jpg,1,0,U,1,1,357.30653120900183
a1d5b601-20d0-4c12-8e83-c4708e1b3c9b.jpg,1,1,1,1,1,25.231707915996473
a3334a9e-e852-4a6e-8f51-229ecd261c70.jpg,U,1,1,1,1,214.67281287600036
a3942860-7cbe-40fc-8f4c-09e96f338537.jpg,0,0,1,1,1,5.095847542001138
a39f868f-25aa-48ab-96d8-cabcc4299bf1.jpg,0,0,1,1,1,18.180414958001933
a40371d0-a364-4994-82fa-4cb54f5e7e5c.jpg,U,0,U,1,1,973.3818674979976
a414948d-f3ee-4be2-b05f-cd2e93bce4b5.jpg,N,N,N,N,N,4.707436042001291
a4167a70-2bc5-47fd-b8b3-34ee081e8926.jpg,0,0,1,1,1,34.16273491599978
a42d446a-4fc9-4689-a140-b93369e98924.jpg,0,0,1,1,1,26776.952882708996
a48dc326-490a-436a-b36f-3d011f56dc30.jpg,1,1,1,1,1,21.450846374999998
a4e6dc40-8048-4b99-ac49-d8b7d16ea38a.jpg,0,0,0,0,1,381.300373917
a5062e67-0aaf-4aaa-a811-1fc038fe102e.jpg,0,0,0,0,1,14.46321604200142
a50850df-a752-4503-9696-7731a4d3f567.jpg,0,1,0,0,1,3.7744063749996712
a530dfa3-59f1-4649-a79e-0dd8f2b73fe1.jpg,1,1,0,1,1,254.11471016700273
a5419a48-b804-430e-90ce-36903d2c22e8.jpg,0,0,1,1,1,20.778041207999195
a54d5e19-9ffd-4486-a21e-87f869f84153.jpg,1,0,0,1,1,5.0640146670011745
a57730ef-a620-4379-9688-a0a82703713e.jpg,U,0,1,1,1,8.82574695799849
a5ff6868-8e96-4e17-a43f-2f12c7389018.jpg,0,0,1,1,1,176.29896854200263
a6282910-038e-45ff-8048-f834d12c9ef4.jpg,0,0,0,0,1,2.6835571250012435
a62a1681-1091-4ec9-8752-93c1d73e0461.jpg,1,0,1,1,1,38.589326876001564
a6875695-042d-45df-b355-07ce79b75ef8.jpg,1,0,0,1,1,12.396004875001381
a70929ec-4b51-4f4a-b547-1a6eaab62ad0.jpg,1,1,1,1,1,262.87083958299854
a719bdee-bf8a-456a-8bd4-311e17fc9f70.jpg,U,0,0,1,0,472.8111559589996
a71ac75c-3ae0-4313-bc15-ad6855f9fdca.jpg,1,0,U,1,1,99.31946766799695
a72cd806-b861-449c-92b5-1924292377ea.jpg,U,0,U,U,1,82.25134399899707
a73a9f6f-f29e-4b45-9694-7c677d2dee7a.jpg,N,N,N,N,N,1.5653266250010347
a7500e4e-aef7-4c97-a441-6083e8683ed8.jpg,1,1,U,1,1,318.57676858400123
a762ba40-86df-4273-8b4d-1010e327ca11.jpg,U,0,U,1,1,92.67730312499998
a785f2ca-95ce-4205-983a-4f21f0b6de5e.jpg,0,0,0,0,1,3.1070322080013284
a7bfe527-fa9a-4dda-b142-89c0ddaae0fa.jpg,1,0,1,1,1,75.41155604100084
a7e9f4cd-fa82-4233-bd3e-7567218d5584.jpg,U,0,1,1,1,133.06521787499798
a804a18d-26ff-4b03-8297-17949ed6ac36.jpg,U,1,1,1,1,2009.0751218759974
a82641db-8224-4ebc-852b-e1007d1549f1.jpg,0,1,1,1,1,197.31645595800137
a872efe0-00ad-4bc4-a614-b496a8e19a25.jpg,U,0,1,1,1,32.69787662599549
a8b31db7-db35-4d5f-942a-0df54a8a2957.jpg,N,N,N,N,N,1.3490801670013752
a909f291-b837-4f7a-bad0-5598b61cae12.jpg,0,0,0,0,1,2.5787450419993547
a919cbfc-02d9-4081-b7ad-5eb9b43a8153.jpg,1,0,0,1,1,4.57622179199825
a95a1fd9-78e1-469e-baae-1a7f5c33bc23.jpg,0,0,0,0,1,1.645286250000936
a95b8112-533c-4b73-923d-96134d9a785a.jpg,1,1,0,1,1,171.5627254169999
a999510b-b881-46b7-90f7-e59569dc7ce8.jpg,U,0,U,U,1,28.182797459000994
a9ac4b5d-fd81-49d1-8a08-fe016f3d368b.jpg,U,1,U,1,1,314.07074324900077
a9b91000-8c64-4b90-8ef0-940bd89f61ac.jpg,1,0,1,1,1,65.39047012599895
a9ec08f2-e1c0-4868-9991-090209555ac0.jpg,U,0,1,1,1,308.33435079100127
a9f0113b-5e41-44dc-820f-ad581ff49d3b.jpg,0,0,1,1,1,2001.7485732080013
aa8861c0-b534-48f9-893f-acb52f33c8b6.jpg,0,0,0,0,1,2.9155129159989883
aa983176-3c5e-4700-9fdc-ac1e58cfeaab.jpg,1,1,1,1,1,98.76388445799967
aaa183e8-b8da-4691-8234-c42ee79d4a21.jpg,0,1,1,1,1,11.83893666700169
aad23bc7-c074-47e4-be2c-1f474bba6b6e.jpg,1,0,0,1,1,20.561088624998774
aaf188de-7087-457f-afd1-2a30868e5a20.jpg,1,0,0,1,1,43.53402658400228
aaf7c6b6-930e-410e-bb63-cbf5f23c99fb.jpg,0,0,1,1,1,68.96922725000059
ab2f7f85-f95f-46bb-b8e4-b77a3dcfabcd.jpg,0,0,0,1,1,239.03685520800036
ab5fe3af-e18d-45ee-86e3-ca0792797252.jpg,0,0,0,0,1,26.688797789998716
abc83990-e031-480e-a812-c3279db14b4e.jpg,0,0,1,1,1,60.0498157089969
abeec046-28ed-4fa1-8ecc-294c79753a05.jpg,1,1,1,1,1,97.15338987499808
abfa5efc-e47f-4325-b674-763dbd5df2c4.jpg,0,1,1,1,1,13.182787625002675
ac0fe0c8-0f99-48e7-8f46-a075e81112c3.jpg,1,1,1,1,1,6.996165917000326
ac1773f3-05fe-42c9-b0b6-be5d7fe6986e.jpg,1,0,0,1,1,5.479503916001704
ac719a87-3a04-4ff0-917c-5f1d24cb343b.jpg,0,0,0,0,1,17.747266416998173
aca547f8-f04c-414b-98ee-5cf19f5d30e1.jpg,1,0,0,1,1,87.47217612400073
acf3086a-bcf7-4f40-8e8a-ccc6d60c7672.jpg,1,0,0,1,1,95.56244262399923
ad1fb80f-6fda-4d72-a57c-0445993a8136.jpg,1,0,0,1,1,244.84981337499767
ad2a7e5d-b5ec-49e8-a85e-036e3147497f.jpg,1,0,1,1,1,75.5691469169974
ad4a3ee1-3f50-43b4-9cae-fc8ddb03cd5c.jpg,0,1,1,1,1,53.714227916001164
ad84fa17-2fd9-4207-818c-91e401b9be60.jpg,1,1,0,1,1,14.385196708000876
add8a137-be7a-4fb6-92ad-948501ab8321.jpg,U,0,U,1,1,130.6822758330013
adeea2b1-7de5-4892-96dd-d6b6f96ac2fd.jpg,1,0,0,1,1,6.867484206995869
ae42b89a-da9d-469e-b9d4-261ba98d62fb.jpg,0,0,0,1,1,149.2175879589995
ae88843c-c628-4c82-9927-dc882d9f9fd8.jpg,0,0,0,0,1,5.1272883329984325
ae91eb51-6897-4279-b9b7-7631971a3d9a.jpg,0,1,0,0,1,5.1159400420001475
aeabba4b-e2ca-40e0-9a88-dbe88932e09c.jpg,0,0,0,0,1,2.3599237089983944
af2bfb5f-53fe-46ce-9eee-d3a201573671.jpg,U,0,U,1,1,142.92759525100064
af9a46c8-ecb1-4b7d-968a-f957c77e9a2b.jpg,U,1,1,1,1,125.44983850000062
afb5979f-c67d-4233-afa4-73750d59f03e.jpg,0,0,1,1,1,92.09609391599588
afb63b4f-e77f-4f10-9346-3b97fe916563.jpg,1,0,0,1,1,277.72080104199813
b0566ba9-a576-4e4f-91e6-5f6b9d499354.jpg,1,0,0,1,1,72.2489857910009
b0813ca1-af30-45a2-b841-01a6ce309bec.jpg,U,1,1,1,1,17.54267199999913
b1165ddd-c67b-4998-b509-179c0fdc363b.jpg,U,0,U,1,1,138.457018539998
b11ccfb0-0d9a-42c6-9a1e-e7a7eb90690e.jpg,0,0,0,0,1,30.324802292996992
b1272490-7d1b-4b16-9f09-0e60d3df667e.jpg,1,0,0,1,1,10.661602832999051
b160feea-298c-48b3-b815-6eb20df42b1a.jpg,U,1,1,1,1,123.71160195899938
b1624114-9804-431d-bbcc-0919fbfe7617.jpg,0,0,0,0,1,14.30092720799803
b17cc221-2075-48ad-ade2-124eb502f4f0.jpg,1,0,U,1,1,93.40456720800103
b19baa9a-3ce5-4257-9e9f-fa2633022223.jpg,1,1,1,1,1,68.28219341600106
b2188bb1-2e38-4375-bcc0-d2d81d3abf14.jpg,0,0,0,0,1,2.4576482079974085
b26817d4-3f03-4c45-a083-0e580961a99b.jpg,U,0,U,U,1,58.76111233399797
b29315e4-d6f5-4280-946d-4a1bc27f09ab.jpg,0,0,0,1,1,32.40646166700026
b2aa0561-3bb6-4f3a-8ef0-10606f9b9df5.jpg,1,0,0,1,1,5.839974667000206
b2d9c9fc-6df1-4523-a956-2ca1b63dcf47.jpg,1,0,0,1,1,5.353367916002753
b2e97265-b0c4-4b3d-9f6b-09aa495489d6.jpg,0,0,1,1,1,3.5187349999978323
b305ca67-295c-42af-b113-b9307c3eae77.jpg,U,1,U,1,1,167.27236950099723
b30e1f4f-f9b7-41d4-b3b4-6cccb9c8cd45.jpg,0,0,0,0,1,6.87398454200229
b3162b9d-fda8-4291-a064-95dfaa85ff12.jpg,U,0,1,1,1,168.6061146669981
b34e087b-9ca3-4120-81ef-c7e87fcb3cd6.jpg,1,1,1,1,1,338.4343039580008
b350abcb-0200-4f19-9fa6-366255094ef7.jpg,1,1,1,1,1,422.4241350409957
b3518be8-1064-4ab7-928d-60dd43bfc272.jpg,1,0,U,1,1,428.1709982909997
b3bd7003-044d-4ea1-baae-16b5929c1b0c.jpg,U,1,1,1,1,140.79102041699844
b45d5e9e-fb50-43dd-a6dc-0768988f7aa0.jpg,1,0,0,1,1,73.12218345699694
b48dc148-80d0-43da-af8d-76b824b7d4e6.jpg,U,0,U,U,1,122.20907783500388
b4bc0f54-c633-409f-88c5-9f3ba0f2f0cd.jpg,U,1,U,1,1,251.75442558299164
b5043d7d-49cb-419c-86b3-8c5d3d07b7cb.jpg,0,0,0,0,1,6.303835874998185
b504b0ee-2683-4645-bd69-8db4fccee62b.jpg,1,1,0,1,1,118.76496112499899
b550db82-9bf9-4133-ae96-ab000c9f1ecd.jpg,1,0,0,1,1,64.20301683399884
b57e8d77-cc1a-4b53-9487-e40753ca4b63.jpg,0,0,0,0,1,22.291737084000488
b58fd5d4-58a3-4fc8-a65f-0142146ffdb9.jpg,0,0,0,0,1,22.670238249999784
b59d723a-0220-4062-a37c-74ca460afaef.jpg,0,0,0,0,1,25.088462999999138
b6137362-ef64-4692-88b9-db5dcf63412a.jpg,1,0,1,1,0,8.374808458000189
b6324f7c-14af-4b3c-8a24-576f68748cef.jpg,1,1,1,1,1,227.6811765829998
b691b3f7-9baa-4885-a03d-f89ad6d93c1c.jpg,U,1,1,1,1,217.4055522079998
b6bf898a-22f2-405c-822d-8b6d9fd50ba7.jpg,1,0,0,1,1,5.2976441659993725
b6c2eff1-2754-4f99-a15e-f62f29218cd0.jpg,0,0,0,0,1,32.851317624999865
b6c5e886-4bde-4d9e-9e96-e6be188fb803.jpg,0,0,0,0,1,8.857315165998443
b6e51852-b303-408b-891b-6b0276db7e52.jpg,1,1,1,1,1,65.7013901669925
b6f7fda3-48f4-4eb5-acd0-782a6b735b89.jpg,0,1,1,1,1,96.90559470899825
b7149824-9fc8-435b-97b0-d9b6099c7a37.jpg,0,0,0,0,1,12.81180250000034
b7a6f876-a503-4a62-9eb4-eb6648df81b6.jpg,0,0,1,1,1,67.43353300000217
b7ab5049-6806-4f06-a3e6-2cfa18c70e51.jpg,1,1,0,1,1,35.712251625000135
b7b69a9e-2c6f-4912-8810-ac5fd2b27fc7.jpg,0,1,0,0,1,74.33468554200226
b7db24dc-cdd8-4b82-af5c-2f5d46bcd9a5.jpg,1,0,1,1,1,12.010745541996585
b7e6e434-c1b6-4e36-a48a-a4381fc104c5.jpg,U,1,1,1,1,44.09922200099663
b8073af3-cada-4a96-8aad-5483b61c45fb.jpg,0,1,1,1,1,433.2502018330024
b81ea36b-c082-419f-b107-8b1bb81657a2.jpg,0,0,0,0,1,1.9380280420009512
b85b0f39-84cc-4104-8538-1eec035b8328.jpg,1,0,0,1,1,41.558701750002
b85ece5f-b2e5-44ea-960d-cde2273b961e.jpg,0,0,0,0,1,1.5510574170002656
b878c441-b11f-4122-b225-88eb24781177.jpg,0,1,0,0,1,61.9669575839971
b8db67ac-0e92-49f3-a03c-5e6d00733ffe.jpg,1,1,0,1,1,8.339322916999663
b8fd4cc9-c0af-4afb-acc3-f6c73c53e576.jpg,0,0,1,1,1,6.407385541999247
b9175908-7f8d-4797-b5f5-3c418553ac54.jpg,0,0,0,0,1,74.38652645900402
b95708b8-d20d-41d6-a1a7-c973d7db9c52.jpg,0,0,0,0,1,63.173173084000155
b983a9c8-bb67-4101-a28a-760001e344d5.jpg,1,0,0,1,1,5.1657117499999
b9acba5b-9e9c-40ea-8f5c-38f6f8151f2a.jpg,U,0,U,U,1,19549.090360459
ba84789b-2ff7-49f6-8102-f5997a3cc458.jpg,1,0,0,1,1,100.77944329099682
baa85e83-4020-46c7-a55d-74becab69fc8.jpg,1,0,0,1,1,11.59251795799355
babe787b-1557-47e6-8901-5df2e5e1d674.jpg,0,0,0,0,1,21.32302858299954
bad34f78-2e50-43a7-9a8f-dc33c2febee9.jpg,0,1,0,0,1,71.2963727910028
bb008300-1024-4e2b-9d7d-52713d8f62bc.jpg,0,1,1,1,1,48.25708745900192
bb32457d-aba7-4f4b-bf16-6fa6a3042663.jpg,1,0,0,1,1,8.945941249992757
bb476c77-5fae-4a08-a2c2-632f2b8a3e99.jpg,0,1,1,1,1,125.52678495800376
bba397b7-0d59-464e-87ae-a67ee8f3bb07.jpg,1,0,1,1,1,11.182337541999004
bbbd7452-7d41-4dc1-b23a-700477f053f3.jpg,U,1,U,1,1,78.33142725100788
bbc4ab9e-00c7-4ec5-87c1-d21f52710320.jpg,1,1,1,1,1,8.465330457998789
bbe30891-c82d-4d72-93ab-e05903e486e4.jpg,1,1,1,1,1,59.40752237500419
bbe62751-3bca-4440-8a13-19fb4bb54a14.jpg,U,0,1,1,1,199.4850014160038
bc284084-d922-4498-aefa-c539d029d152.jpg,0,0,1,1,0,37.39286945800268
bc889ad4-8fa7-42d4-96bc-81e273ef119a.jpg,0,1,0,1,0,52.84418262499821
bcd96eaf-47c5-4f37-8f8e-e9b8146eaba0.jpg,0,0,0,1,1,89.79412891699758
bd0aaacc-083d-4052-9eca-84f5b73b16c5.jpg,0,0,1,1,1,77.71157566600141
bd200988-06ef-43b0-88d7-5e1aa31fa8c2.jpg,0,0,0,0,1,185.1651711659988
bd29ea95-404c-4402-aea1-1d9a249c5c57.jpg,1,1,0,1,1,11.132070999999996
bd4656c2-997a-419c-be31-165f52ad3612.jpg,0,0,1,1,1,42.12517179200222
bd4898fc-7647-4801-b87c-69c569d89cd0.jpg,1,0,1,1,1,39.40304195800127
bd509ccb-b04c-4251-8eb7-080b110e5efb.jpg,0,0,1,1,1,83.55422054100382
bd5147a7-e247-4cab-b10a-dfcd5c087022.jpg,1,0,0,1,0,51.75115787499817
bd627ae0-52b7-42b2-8bfa-49013e3c82fb.jpg,0,0,0,1,1,369.66986550200727
bd843a11-5d1d-46bb-8d9c-0aaa2c0ac338.jpg,1,0,1,1,1,90.38816566799778
bd916ae9-daf2-47f5-8450-7e59b8b20b47.jpg,1,0,0,1,1,9.556501291997847
bdfa73ef-9c80-4f3a-a93e-42563d9c66f2.jpg,1,1,1,1,1,26.490899583994178
be825cfa-e43c-4203-b1fa-fe878adc9a01.jpg,0,0,0,0,1,79.86332958400362
be9bfbfd-d063-4593-9327-ac78c46de313.jpg,1,0,1,1,1,28.18569666700205
bec75b71-e58f-4f1b-9aa3-406dafe8c2c7.jpg,1,1,0,1,1,37.14637829200365
bede5f15-f8d9-4f74-9023-2785b67aa332.jpg,0,1,1,1,1,32.95774104199518
bf0734be-ef8a-4441-acde-f7e87e9e51c3.jpg,0,0,0,0,1,2.2767230840036063
bf17332b-7779-4d4f-a4ea-440ec68b0297.jpg,U,1,U,1,1,252.10273537499495
bfba8fa9-37fa-4bcb-a9a9-1c7b6ec9a311.jpg,N,N,N,N,N,1.4628682080001454
bfca1800-2957-4195-97b0-efa29807c215.jpg,U,1,0,1,1,33.96220929199717
bfd72c4b-58ba-4bfa-9a26-c64c6649dcd2.jpg,U,1,1,1,1,281.59026629100117
bfed1fc3-3dd3-45b5-bd55-fca9a84a7a51.jpg,1,0,0,1,1,37.701503124997544
bfef8368-3e36-4fa9-be34-fe5709997b7f.jpg,1,1,0,1,1,13.964865416004614
c0170711-6883-4db3-865a-325a567743da.jpg,0,0,1,1,1,27.400510958002997
c02c596b-09dc-4a39-addb-f4d7341216ef.jpg,0,0,1,1,1,53.79965704099595
c074df0f-71ee-4d1d-aaf2-2ba103282f1d.jpg,U,0,1,1,1,46.15418900000077
c07c92da-5dec-40a8-b6d4-5bab1655f3ad.jpg,1,1,1,1,1,15.535099833003187
c0faffc7-44bf-4a2d-bc1c-5612a00a14b9.jpg,1,1,0,1,1,5.851604375005991
c12fbb68-0a82-41ea-922f-a77d1501298d.jpg,U,0,U,1,1,27.833012123998984
c14a90a5-ff9c-4f46-a30d-a9fe6ce90cbf.jpg,0,0,1,1,0,353.27844949900737
c167d4e3-755c-4e5f-9296-d564c75d5668.jpg,1,1,0,1,1,46.02318224999908
c183214f-ad63-4369-b377-608c2e6614a0.jpg,1,0,0,1,1,5.23443904099986
c18ef5ec-bdde-4bdc-841f-8ae834efe219.jpg,1,0,1,1,1,13.337722832999134
c18f65d5-a059-4b35-9db5-917e78eb648b.jpg,U,1,1,1,1,170.06362583399994
c19905f3-db26-44c0-b3f2-edf07a9401f4.jpg,U,0,U,1,1,188.47795275100083
c1998580-0baf-49fa-aead-d3a9f74664a3.jpg,0,0,0,0,1,10.54162329200335
c19f936a-a24f-4b81-b7d6-26d71d85206f.jpg,0,0,0,0,1,30.673325582996767
c33db735-7fbe-4512-96f8-9decb51ade45.jpg,0,0,1,1,1,42.73204266600078
c3436d66-2c0d-453a-953a-0b9d9de279d2.jpg,U,0,0,1,1,96.33756870699693
c3730356-b66b-47ed-8dd5-fcf22d92df07.jpg,0,0,0,0,1,9.570798541004478
c3a78633-5392-4206-9cb3-d6bacd1a2ea1.jpg,U,0,1,1,1,9.841535707993899
c3c11776-effd-4e7a-9a9b-aa104b62e05d.jpg,0,0,0,0,1,218.55355083400173
c3f2910e-51c0-4821-84a3-2f2edaa7eaae.jpg,0,1,1,1,1,10.917419874996995
c3fe98f1-bc82-44ec-bcbd-6d690280db3e.jpg,1,1,1,1,1,4.486489458999131
c402fa16-827d-4c4f-b9dd-0834331b159f.jpg,1,1,0,1,1,137.60540258299102
c4292000-a2dc-401e-aa89-9015324b8c8b.jpg,0,0,0,0,1,5.674153166997712
c44a1124-19a0-4cb1-a397-d202256b4c20.jpg,1,1,0,1,1,59.42886083400117
c460e3ea-42c6-4fef-b2cc-80cedeb1a605.jpg,U,0,1,1,1,163.7398466659989
c489a8d3-91da-4abf-8680-5860d13fca68.jpg,0,1,1,1,1,24.600053540998488
c4a5c10f-adfd-4758-8599-bbec42dc991d.jpg,0,1,1,1,1,1007.8489275830002
c4b6eada-d363-4cb9-831d-e4413995d58f.jpg,0,0,0,0,1,5.241748499996902
c4eec0f4-cc6b-4de2-bc23-4b38700dca72.jpg,1,1,0,1,1,36.61821537500509
c56955b3-dbcf-4fc7-94f8-c40055586ed8.jpg,1,0,0,1,1,11.432829334000417
c589ac15-d2c0-42dc-b16d-105109bc1723.jpg,0,1,0,1,0,3.1912857069983147
c5ef9726-3016-4e4b-befb-97296c7531fa.jpg,0,0,0,0,1,9.374951791003696
c60a5a31-0aa0-4da1-aed0-efc16096259b.jpg,1,1,0,1,1,9.268825291001122
c627b1a3-f3b1-4cb8-a5d9-f834bc0e2ab9.jpg,1,0,1,1,1,21.319968667005014
c6a3c035-be0c-466d-bccb-4b9f444c5b38.jpg,1,0,0,1,1,8.211405416004709
c6aba017-b941-42a3-95a6-838aa2d48cfb.jpg,0,0,1,1,1,9.877238583998405
c6ad5828-7b5a-4179-bfda-b1470473b8c8.jpg,0,0,1,1,1,647.4352405000063
c6aed821-e6a6-48bf-b79f-ee9d6a61e7d7.jpg,1,0,0,1,1,7.536085375002585
c6e56f6e-7b8c-4a6f-acbe-e2b2fa736d39.jpg,1,0,1,1,1,6.707353999998304
c7d7df70-9233-4d71-9a95-fd086cdec554.jpg,0,0,0,1,0,203.75069274800262
c7ded833-63c1-4fda-931b-e64856a2c030.jpg,0,0,0,0,1,9.198747041999013
c7e01270-d9a4-49a7-9352-5aaa264042cb.jpg,U,1,U,1,1,90.57385629099917
c829a7d5-0328-457b-9c9e-e4e288cbdb88.jpg,0,0,1,1,1,18.179328459002136
c83978b8-eb97-4e03-b11a-c7443eb03fe6.jpg,0,0,1,1,1,290.2904294169957
c847ecc3-d1ac-4bd5-93a3-08e005c54b18.jpg,0,0,0,0,1,5.379256583000824
c86c2439-9b3d-457c-928e-00cd333298d0.jpg,U,0,1,1,1,101.39909433299817
c89b5ede-c8d2-4a8c-9c6d-e55b6020f187.jpg,1,1,0,1,1,23.159202874994662
c89ba584-84ba-41b3-8681-2828fd499c91.jpg,1,1,1,1,1,5.265104041995073
c8acf869-73f3-4cf1-a2c5-34fe91e4e1d5.jpg,U,0,U,1,1,49.2893422500056
c8b875a9-f644-42df-bcf4-512956c6166c.jpg,0,0,0,1,1,48.231148500006384
c8c0d17b-39b6-4372-8995-1dbd8fcda5b8.jpg,1,0,1,1,1,10.585281207997468
c8c2e827-296e-4859-83f0-5927056535f7.jpg,1,0,0,1,0,6.447224417002872
c932a4ad-5988-48b4-af28-b2958e57cffa.jpg,0,0,0,0,1,3.392761957999028
c94999ad-9f4d-4c70-b991-fac8e9a4855c.jpg,0,0,1,1,1,73.48525408299429
c95384cf-0869-4622-9217-7e4c9fbfe948.jpg,1,0,0,1,0,96.00280158299938
c9a76dd5-040e-4715-abbf-19940fb55137.jpg,1,0,0,1,1,151.93892466699526
c9dc9ba8-bc36-44cd-b95c-54c610d96c44.jpg,U,0,U,1,1,843.7699486670077
ca030feb-a49a-4123-a3cf-df75f5f37bf7.jpg,0,0,1,1,1,96.51385541599666
ca0321d1-1971-4faa-b0f6-d48148791ea0.jpg,1,1,1,1,1,6.004944749998685
ca52ea63-c8f6-446d-a0f4-db84a1e031af.jpg,0,1,1,1,1,15.513493583999661
ca77424c-6a54-45d8-b92e-1760611cf858.jpg,0,0,1,1,1,41.7639691669965
cb13dfeb-0a55-46e6-9c12-e0caad8aed54.jpg,1,0,0,1,1,448.98823158299456
cb50c5ba-78e7-49bd-a80f-3912e2a809fa.jpg,0,0,1,1,1,116.02205820798918
cb86895f-a501-43b7-85de-31fb7a0ca6a4.jpg,1,0,0,1,1,6.218062249994546
cbdc116f-e850-407e-9a6a-cef43b77315b.jpg,1,1,0,1,1,7.568592916002672
cbde9e70-f58f-400a-b09d-b15da44c9bba.jpg,1,0,1,1,1,54.78607975000341
cc5a2f94-7e63-461f-9c66-4420ca1a5b92.jpg,U,1,1,1,1,213.73244675000024
cd31a99c-b8c4-4571-9491-17cd95b16855.jpg,U,0,1,1,1,91.96166745799565
cd328097-0932-4363-b811-ce1c9f2da99f.jpg,U,0,U,1,1,186.12441208400344
cd3d5e48-ad75-439a-bab5-2d8a8dc435ca.jpg,U,0,0,1,1,167.32750491600746
cd763884-eb7c-40f7-99f6-1799c17b83f1.jpg,0,1,1,1,1,530.8227132920001
cd967c37-22c8-4825-8ea0-7509fb189350.jpg,U,1,1,1,1,991.7846732099954
cd96f576-dee5-4451-880a-a8335ab927f5.jpg,U,0,U,1,1,17.71344066700192
cdafd833-1eaf-4d81-9b69-a618284a333d.jpg,0,0,0,1,1,22215.843114958
cdbf47ba-8fcd-4250-b5f1-c32572d3ec81.jpg,0,0,0,0,1,3.524965416996565
cdd240fd-8d60-4614-87af-df10b8f78d06.jpg,U,1,U,1,1,1214.382389666999
cde7959d-47c4-43c0-9028-2ac9fbcd25cd.jpg,0,0,1,1,1,67.45028008300142
ce28ede2-aeee-4177-abc8-b91ec4efe4ea.jpg,1,1,0,1,1,100.12054633400476
ce31b774-ee3b-4993-a3df-68aaf46eb321.jpg,0,0,0,0,1,5.5985834159946535
ce3ad67d-3b83-41f0-9113-aadd741312c2.jpg,0,0,0,0,1,4.1862037500031875
ce3e1283-dec5-4356-a91d-05adc9d5a6a1.jpg,1,0,1,1,1,111.10934766700302
ce473bb7-44d0-4527-8e6f-f11784152a97.jpg,0,0,1,1,1,155.62300933400184
ceb1d797-1cae-4df7-8b70-76a418a14ec0.jpg,0,0,0,0,1,2.570529999997234
cf317f48-150b-4334-90f2-22a4268aac25.jpg,1,0,0,1,1,9.132663208001759
cf4fa6bb-130d-4c00-9725-e9537a5812b1.jpg,U,1,1,1,1,240.9857948329991
cf52c455-83bd-454f-8495-84638c5ba34a.jpg,0,0,1,1,1,43.9751399590059
cf82037d-db13-4c77-bb46-6c8b99d6c140.jpg,U,0,U,U,1,15.002186915999005
cfb05064-3379-4ec4-8263-29787d5537a8.jpg,0,0,0,0,1,4.92295341600402
cfbb740d-4eb1-4648-af1f-a5dbcaa4042e.jpg,1,1,1,1,1,286.8494230000023
cfbe3e5e-7fe8-4cd6-819f-ae810f0eebf5.jpg,N,N,N,N,N,1.1939805000001797
cff99550-2e87-4196-9545-e63ee4254b80.jpg,1,1,1,1,1,356.6185323330019
d0238ea7-983e-451d-a2b6-d828c0bc4e6f.jpg,0,1,0,0,1,10.447719208004855
d04d3e02-3925-4173-b711-61a788976958.jpg,0,0,0,0,1,2.358007209004427
d071b1d2-eae7-4cfa-bcd3-6d5aeaefe3f9.jpg,0,0,1,1,1,52.8713708749965
d08d3c79-6ba1-463e-8df5-4389bc107962.jpg,0,0,1,1,1,106.90651837399855
d0b14431-a487-4eaf-847e-0e0e2549d70c.jpg,0,0,1,1,1,159.40229995900154
d0e77c38-32aa-4791-8f55-591baf9ff86a.jpg,0,0,1,1,1,36.13208075000148
d0f85a57-d850-41d6-9645-b2be8d3aaf97.jpg,0,0,1,1,1,72.76418158300737
d17d35b6-842a-4f9c-8c78-7f4f733a212c.jpg,0,0,1,1,1,93.56945095899937
d1938e6e-1343-441a-95c2-cf113e7a5fe5.jpg,0,1,0,0,1,17.20987145800609
d1a67260-3f70-4ddd-acbd-900d4e492e74.jpg,0,1,1,1,1,9.944812083005672
d2403319-c6b3-49b9-8d85-5031bfab4a05.jpg,0,0,1,1,1,4.103846790996613
d29b68c0-c17b-4e71-b8c7-17e25a04a22d.jpg,0,1,1,1,1,28.705081708998478
d2e58236-6a73-421e-8ce1-21f4d56387e0.jpg,U,0,1,1,1,100.00676866600486
d33621e6-37eb-49e0-b1b2-cfa1b34e793c.jpg,1,0,0,1,1,41.47983845800627
d34a19c3-45de-4677-94a3-b5473115a499.jpg,1,0,0,1,1,4.9452522919964395
d38110c6-ac8e-4899-8cb4-6fa9a901979f.jpg,0,1,1,1,1,112.11361662499985
d3a4b707-3797-490c-a23f-1733a1ef5304.jpg,U,1,U,1,1,108.86332174999552
d3c2e0d9-daa1-4d6f-b2be-591ff92bde5c.jpg,1,0,1,1,1,32.97552149999683
d3c591e4-9d98-468a-8583-36092ad2c00a.jpg,0,1,1,1,1,4.908102708002843
d3d799e8-e206-4b01-bbd7-7e3cbb13508c.jpg,U,1,U,U,1,30.352128416999676
d3e8ad28-d7d9-46bb-95a5-5525af53e8ad.jpg,0,1,1,1,1,31.51806029198633
d3fa1786-05fa-4a74-a886-df8111e22cd6.jpg,1,0,0,1,1,4.0525726249979925
d41b7553-ab14-476d-b033-34f952a57426.jpg,U,0,1,1,1,134945.91680575
d4332fdc-bf78-4ec8-a4e4-347a9bffd356.jpg,U,0,U,1,1,962.9835901249918
d45a535b-7390-440a-b4bc-a2a321dbc9eb.jpg,U,0,U,1,1,219.25387179199987
d48d19da-885b-4cad-9545-d1085467a6f0.jpg,1,0,0,1,1,14.261897832999239
d4c1dde0-7559-4d97-8d95-71a5e9c3c0dc.jpg,1,1,1,1,1,32.94187487600027
d4cf34a8-31da-4ac4-8785-de9722042b44.jpg,1,0,1,1,1,10.669288166005572
d4e0c0df-f5ae-4763-9c8b-271e916c79b7.jpg,1,0,0,1,0,3.4410066249984084
d5045cdd-0e36-4f79-9a25-b90552394a3d.jpg,1,1,0,1,1,15.726512499997625
d51df8dd-6e41-4d82-a116-9762d1b983ad.jpg,U,0,1,1,1,228.87482520900085
d54c41f7-d947-4a5c-8def-75446c6ec732.jpg,0,0,0,0,1,3.216670250003517
d56d8a51-dc2c-40b4-8520-d0c109967d6e.jpg,0,0,0,1,1,168.00817354099604
d5b74153-d94c-4edf-a474-0ad165fa0093.jpg,0,0,1,1,1,48.672561166997184
d5c21219-83d6-4f4b-8c3f-041cf0e57ea4.jpg,0,1,1,1,1,8.962166333003552
d5c4f25f-444e-4b10-8b1c-00ed82260f6d.jpg,0,0,0,0,1,5.228701042004104
d5d20151-a09b-493f-b5e7-60f38d42212b.jpg,U,1,1,1,1,18.043480374992555
d60245ad-e2a9-4088-8a1b-952ff5c08496.jpg,1,0,0,1,1,4.242159459005052
d61aaf90-84a5-4822-84a3-c83114443f2d.jpg,1,0,0,1,1,146.90505791699366
d66c7959-3583-4d66-91a5-cd702ff844e2.jpg,1,0,1,1,1,8.392626708002354
d69de451-eb78-41da-9eba-e2b70a7cab13.jpg,N,N,N,N,N,1.4157362919941079
d6b38b15-88cf-4979-86b4-7183a47638f0.jpg,U,1,1,1,1,123.61333945799788
d6d7e4c9-901a-4789-a2c6-71b5f76e9485.jpg,0,0,1,1,1,10.345161249999364
d6f22dd9-7318-4107-b48d-e519a62b493f.jpg,0,0,0,0,1,4.605816041999788
d7064a14-0d96-4037-a439-417941653166.jpg,1,0,0,1,1,3.414803915999073
d7175375-fbef-4165-b1fe-26be4ead59a8.jpg,0,0,0,0,1,17.60824779200118
d744b5d1-5760-496d-ad7f-eb7cbe4e8fea.jpg,U,0,U,U,1,64.72478654199688
d7629998-d81f-4856-9a04-3dc31159f335.jpg,U,1,U,U,1,145.29302945900417
d76f7a38-9de3-40d1-bd6f-61f6f2aee6fc.jpg,0,0,1,1,1,13.275532583000313
d7b87cab-22e9-4311-8aca-0eefb870abb7.jpg,U,1,U,1,1,87.64253358299516
d7fa7aea-bfb0-4dc7-8ca8-e50952251482.jpg,0,0,1,1,1,65.76516587399863
d861d23a-f6b9-4f00-bda7-f9ff3398fd98.jpg,0,0,0,0,0,5.024007125000935
d8835443-aafa-4810-aae0-5efc16591793.jpg,0,0,1,1,1,51.638984709003125
d8a588e1-5d15-4718-91fb-7b9009ae33f6.jpg,0,0,1,1,1,8.0944396660052
da5d1861-117d-4dea-892e-ebe596e9adc5.jpg,0,0,0,1,1,64.58015995701135
da7b36a6-bbf5-449b-9b41-b3026bdef1c6.jpg,0,1,1,1,0,13.310998124994512
dae4f53f-0879-4093-a0e8-a39edacc1944.jpg,N,N,N,N,N,1.6067247920000227
db34ffd8-dd63-43f9-a7bc-e05ecbb10cd3.jpg,1,0,U,1,1,73.69219195900882
db4a7cbd-65ed-4004-a4ff-4a0a6d79314f.jpg,0,0,1,1,1,27.62594320899734
dbaa8a3d-228a-4a90-aff4-1f001060a8f3.jpg,0,0,0,1,1,158.28269379200356
dbe0f8aa-fe2e-4251-8730-f080fc2eb981.jpg,0,1,1,1,1,26.74861104199954
dc1b9a63-4c72-4dcf-bcac-86248d00ae54.jpg,0,1,1,1,1,255.7232029169943
dc26a4c7-dc75-4d60-9132-20b2da282cbc.jpg,0,0,0,0,1,18.221739708001905
dc2f7bbc-b0cb-4ba1-a52b-8de34b5def07.jpg,1,1,1,1,1,56.970143542006554
dc9441e1-5b4d-4431-a5ac-a686e5530c07.jpg,1,1,1,1,1,7.475066582999716
dd328d3f-50df-4749-8f0a-a1f18bd527b8.jpg,1,1,0,1,1,12.361828000000969
dd41856e-6d46-43f9-a76c-c4ec6e1f1c75.jpg,0,0,1,1,1,175.83518504099584
dd4a6d26-cf53-4f2b-bc03-0a7d88ae0361.jpg,0,0,0,0,1,9.748159375005343
dd4fc033-fe3b-4f02-ab93-582e8af100d2.jpg,0,0,0,0,1,4.259387083002366
dd60c7d4-b4d6-4f2b-b32a-ca384e1812e7.jpg,1,0,1,1,1,26.669215667997832
dd843f70-19f0-466c-a0d0-de924a9b0af6.jpg,0,0,0,1,1,168.95271820899507
ddf36436-f002-4d1b-a9b1-9e48059e536f.jpg,0,0,0,0,1,2.2287958749948302
ddfea55b-825f-4b19-af10-557e675fd7dd.jpg,1,1,1,1,1,9.786678292002762
de0c50eb-d04d-458e-8ed0-40df7fb444ed.jpg,1,0,1,1,1,47.81377012500889
de1c5435-199e-4bfd-af45-5b1aec50f884.jpg,U,1,1,1,1,50.23195425100562
de283172-0b29-48ad-beb1-21b9a78a46c5.jpg,1,1,U,1,1,118.83699020799781
de390317-ed53-4b01-b45d-fe590361afc4.jpg,0,0,0,0,1,3.9806463749991963
de68e437-5e23-49e3-a574-74b8538f5c98.jpg,U,0,U,1,1,621.2630464570057
dea34d03-e4c7-4919-b77e-80df352a636e.jpg,0,0,1,1,1,13.066596500000742
deb177ab-22c6-4b63-a903-752de99b97d2.jpg,1,0,1,1,1,2.918281582999043
dec770a3-891b-41ee-99df-d3984417ee38.jpg,0,0,1,1,1,8.408091958001023
dee0d144-33d0-4fdb-89bb-620893c6de97.jpg,0,0,0,0,1,518.1562834589977
dee7c4cb-7d48-4c7a-af20-ea784b94e1d2.jpg,0,0,0,0,1,4.617430665995926
df2fe796-5d0a-49ad-a46c-2f1ff6088151.jpg,0,0,1,1,1,3.1722947499947622
df63d703-0fb3-4814-b0b6-285668265dd2.jpg,0,0,1,1,1,5277.218030415999
df7b5423-6372-4194-a1dd-1886360f3428.jpg,U,1,0,1,1,12.769715125003131
df9d9a03-eb76-4d2e-abb7-752b8b55694a.jpg,1,0,0,1,1,6.12867716600158
dfda82ab-4796-4b51-9016-69328051ed41.jpg,0,0,1,1,1,12.253662208000605
e00e7c7e-18e9-40f1-bc90-0f74cd418eb5.jpg,U,0,U,1,1,637.7739170840018
e017d9a6-af70-460b-bcc4-caeab7a6d056.jpg,0,0,0,0,1,5.3423177910008235
e0451e13-5599-4f62-a058-55477bf21f2e.jpg,0,0,1,1,1,22.086470249996637
e0ac38ad-7cde-4e69-a7cf-dc716d85dce8.jpg,0,0,0,0,1,6.223693500003719
e0c89b26-93f2-4ca7-879d-ea2c85186e38.jpg,1,0,U,1,1,38.44891533300688
e0e19ee4-eb8a-48e3-8b54-8f75398460e0.jpg,0,0,0,0,1,5.7164099590008846
e0e717b4-7aee-4316-95a7-c0bb9eba925a.jpg,0,0,0,0,1,4.1219462499939254
e12f1161-0412-435e-9cd6-0c9f065bb92f.jpg,1,1,U,1,1,71.43380637501105
e159efdf-02a0-4abb-9c78-e059b683dcca.jpg,0,0,0,0,1,4.1867660409989185
e16d1028-92d3-4c27-a445-3349b1b28e10.jpg,1,0,0,1,1,10.008240499999374
e1aa21ed-2d43-4e90-849f-fdbfe03e6218.jpg,0,0,0,0,1,4.304938041001151
e1b46fd8-582c-4545-be71-fb1c96fdad85.jpg,1,0,0,1,1,10.077288374995987
e1d33e4f-4d13-40f5-84e7-2f9db6d3d64b.jpg,0,0,1,1,1,7.223663292003039
e2575b0e-d3cf-46ef-8c86-36b548ee7494.jpg,1,0,0,1,1,6.20703958300146
e27113ef-7548-41c2-aa73-631faa5e32ea.jpg,0,1,1,1,1,25.96318391699606
e27cd9af-7b94-4bc5-b1d6-5f5b92f984ac.jpg,1,0,0,1,1,6.1097700410027755
e28ba294-7a68-46a8-9731-c78d3c98c15d.jpg,U,0,U,1,1,560.215740623994
e2f1a6c2-c9f0-4be6-801f-7c3ed4f3b8b8.jpg,0,0,0,0,1,3.7206530419935007
e2fdea67-3451-4acb-ba8c-e3a669416156.jpg,U,0,1,1,1,192.57342475000087
e36292cb-d4ba-4508-9858-c2eb4ed64c1e.jpg,0,0,0,1,1,164.40893133400232
e3a46b6c-7f98-4bc3-99de-2ac320997d16.jpg,U,1,1,1,1,25.517783541996323
e3ac1dd0-f2c1-414c-a19e-724bd156634d.jpg,1,0,0,1,1,65.54378066599747
e3ae14db-31d2-4dbd-ad46-315b70d249a0.jpg,U,1,1,1,1,47.99892391699541
e3af2d43-b4f8-4089-aa96-8421fc3b6eda.jpg,0,0,0,0,1,6.051091957997414
e3cc1f78-9163-4f1b-9b2a-cfed4786bce4.jpg,1,0,0,1,1,3.3620352080033626
e3d9dcfc-9a66-412a-a5d4-551305daf4c3.jpg,0,0,1,1,1,42.79553066700464
e40f7b86-3c18-4558-bbce-d39d4bc21981.jpg,1,0,1,1,1,27.910497791002854
e42775c1-5f79-48f7-be7e-47225b51e1be.jpg,0,0,1,1,1,12.57972112599964
e46b13f7-30d4-469b-a96a-97cf28700222.jpg,0,0,0,0,1,4.728759458994318
e495ea4f-acb6-4ccb-80af-b3dc2bfd5584.jpg,0,0,0,0,1,4.060274791001575
e4c43aea-a1a0-4c64-86ee-4aa8b3e38bc8.jpg,0,0,1,1,1,10.855497042000934
e4d14225-8067-4d15-bcf5-5e8e162af7de.jpg,0,0,1,1,0,15.176657290998264
e50a3798-1dbf-4eac-a7f8-3491150882cb.jpg,U,1,1,1,1,27.756403249996765
e54964be-5f61-4f98-9f99-276768fcdfa3.jpg,0,0,1,1,1,6.480701290995057
e55863fc-f316-420d-b8c8-fea09b4def62.jpg,U,1,U,1,1,24.39002695900126
e56f9bdb-31d6-4288-8f41-21f8a49c8635.jpg,1,0,0,1,1,62.92142412500107
e580ccb0-a77d-47b5-8152-97ba82a01b3f.jpg,U,1,U,1,1,349.8844730820015
e5ccd819-a686-4ba7-92c1-672d5c7a7b90.jpg,U,0,U,1,1,90.74859512500325
e6311d96-a7da-4af8-8ae5-6c0e83c7f74b.jpg,1,1,0,1,1,29.58776966699952
e64a2eb4-2371-4d16-ac1d-7293273780ee.jpg,0,0,1,1,1,42.82615541800624
e65af04e-1006-46fd-9408-750d5954472c.jpg,0,0,1,1,1,64.65726074999111
e67749ed-b304-4069-8610-c8b943074194.jpg,U,0,1,1,1,116.62370320899208
e740303f-2f52-458d-964d-9390e5aac961.jpg,1,1,0,1,1,37.837427541999205
e772ad61-e728-48b7-8157-30833537fd3e.jpg,1,1,0,1,1,47.27083083299567
e7954541-84a1-4728-8c53-5d5f90450980.jpg,U,1,1,1,1,74.87133516499443
e7963cdb-c71a-42f5-8fe4-a9520ea7b037.jpg,0,0,0,0,1,4.568185666001227
e798ec6d-a997-45e8-b111-1d9090730ffd.jpg,0,1,1,1,1,5.050964041001862
e7ad17d4-6683-4370-baee-c2cc3a75a8f6.jpg,0,0,0,0,1,8.094152833997214
e7c58f24-1d58-4e51-8ccd-8ce49337706e.jpg,0,0,1,1,1,59.599083207998774
e7d2a120-86a0-4c8a-b7fe-f2e68fa8f460.jpg,0,0,U,1,1,148.95168424999974
e7d36e3b-14aa-495f-b45b-1dc68011191e.jpg,0,0,0,0,1,35.772890708001796
e7e1badc-ae87-4ef1-b9f3-4b7447917a69.jpg,1,0,1,1,1,37.74063800100703
e7e9a530-48f5-4ff2-8060-120325ba06ae.jpg,0,0,0,1,1,44.150967250992835
e8262d68-0f65-45a1-b323-b276d0a52af0.jpg,1,0,0,1,1,32.531176709002466
e8933eab-9290-43f9-89fd-b1f35deb08e4.jpg,0,1,1,1,1,10.947352499999397
e8a8f025-523b-423b-be5c-7723dde61e41.jpg,U,1,U,1,1,22.265723957999853
e8db7dc9-b735-467c-ab5f-d06fe0697a84.jpg,U,1,1,1,1,135.06152029200166
e8f85c08-ca16-4b82-aeba-bf58dbdf093a.jpg,1,0,0,1,1,46.39297245800117
e904b315-3848-4c00-a2dd-f0c6c795ba4a.jpg,1,1,1,1,1,21.33095870899706
e9062b65-0740-4cca-b1e0-6fa241d472a1.jpg,1,0,U,1,1,74.77813491600091
e935b19d-2bde-44f4-bd5e-b6e489bf8c67.jpg,0,0,0,0,1,38.6484117910004
e9677ac9-1579-4af1-90db-66e3e0581d9b.jpg,N,N,N,N,N,1.1067568750004284
e9771308-7a70-4514-a4df-d42eb0e1801b.jpg,0,0,1,1,1,9.295865791995311
e9aea122-1c44-4957-9fc7-6414966626bf.jpg,1,0,1,1,1,7.759615625000151
e9c9d258-f98f-41b7-b50e-b042113be794.jpg,U,0,U,1,1,83.7967430000026
e9fe9565-7eb0-4920-8a72-d1a40412d01e.jpg,U,0,1,1,1,73.62810775000253
ea0d8df3-86f2-45cb-a153-10f71ced1eea.jpg,1,1,0,1,1,49.70682304199727
ea0efd06-de7b-4a44-a7fa-765f07e5b204.jpg,0,0,0,0,1,2.2867658749964903
ea27abef-116f-4ed3-b06c-287ba1444511.jpg,0,0,0,0,1,11.649412416001724
ea4edbb4-9452-4d80-a827-2cfcf42e5091.jpg,U,0,U,1,1,14.946882290995745
ea91ad19-6f8c-47da-ac27-4662c49e39ec.jpg,0,0,0,0,1,7.060089582999353
ead08479-b426-4ac0-98b9-44cca18ad719.jpg,0,0,0,0,1,3.0313950830022804
eaf31e40-88fa-4089-88f2-12d46375049d.jpg,U,1,1,1,1,27.905724166992513
eb30ecd4-24ef-419d-bb18-aafd083213c7.jpg,0,0,1,1,0,67.49908624900263
eb898643-9f67-49b2-b45f-cf2fd5bfdbd0.jpg,1,0,0,1,1,5.258643125001981
ebcd00ea-c2fc-421c-bdd4-2641abb88f1b.jpg,U,0,U,1,1,187.44264429199882
ebf4aa79-b84b-4bee-a022-6dace5e44674.jpg,0,0,0,0,1,7.2860864999966
ec35bb89-c750-4e05-8dbe-4aba68a6087a.jpg,0,0,0,0,1,10.403072916000383
ec71c23a-99c5-4640-90d3-9e436f2ac3e9.jpg,1,0,1,1,1,38.08169904100214
eca36d11-94d8-451f-ad77-a09f459cfd83.jpg,1,0,U,1,1,13.18735399999423
ecd9024b-fa02-4a51-bfa9-e10018bc9d69.jpg,0,1,1,1,1,9.457689041999402
ece05376-96e9-4440-8a55-f224e3cedccf.jpg,0,0,0,0,1,137.96525458399992
ed6af828-b9dc-4687-8903-aaac7ad91e62.jpg,1,0,0,1,1,7.920305041996471
ed70365d-5bad-4d6f-a5ba-691708a7f774.jpg,0,0,1,1,0,69.20167549800567
ed7fee33-045f-474d-82c4-ee92f053c673.jpg,U,0,0,U,1,93.30933591699659
ee254552-6e90-48ed-ac75-d44d01122f2a.jpg,U,0,U,U,1,12.650351166998007
ee482742-487b-423c-8a7c-60e44b26710b.jpg,1,1,1,1,1,60.10965291700268
ee4e0308-fee9-4157-8a53-38a745a41757.jpg,0,0,1,1,1,32.77398491700296
ee59d1ea-d99c-4d70-b7cc-f95f0741050d.jpg,0,0,0,0,1,2.742149249999784
ee7bf36f-367e-4f97-b4de-ef451b332e6b.jpg,0,0,0,0,1,226.4432474579993
ee7c3acd-684d-4b80-8801-e46b27318b23.jpg,0,0,0,0,1,48.19440704199951
eede36cc-f288-4d76-bab6-efe83304b505.jpg,U,0,1,1,1,52.75595379099832
eefa70a4-5e8f-4a87-b153-d1006718e0d7.jpg,0,1,1,1,1,35.881396582997695
ef10763b-e4b2-4cb5-b049-fb20528b4b5b.jpg,1,1,0,1,1,4.6706050830034656
ef27e4e9-5f3f-4278-a370-2adc9c32cf51.jpg,1,0,1,1,1,62.28786725100508
ef4265ff-6038-4ebe-9a23-9bbf7d0bcea5.jpg,1,0,0,1,1,159.23113862500577
ef4e64ee-b885-4309-aad2-5498ff34c217.jpg,1,0,0,1,1,8.549259042003541
ef59094d-c935-4245-aadf-8927396dda8f.jpg,1,0,0,1,0,25.95229512500373
ef61c275-bca5-41e3-a0c3-086ffa3e6893.jpg,0,0,1,1,0,96.11024929200357
ef93cf68-f1ea-40e8-88b8-317b81da9fd0.jpg,0,0,1,1,1,112.6813333329992
ef9e0192-3b28-4ca8-8a25-b9ad9e5a04ad.jpg,0,0,1,1,1,52.60119912499795
efaee580-5b9d-4eb9-b535-dc3fcb61596c.jpg,0,0,0,0,1,6.707684207998682
efc950e3-6f6d-44b3-9bcc-495a7924315e.jpg,0,0,0,0,1,2.836541707998549
efdf5c17-c216-4b29-9452-afa2e28994aa.jpg,1,0,0,1,1,4.207100084000558
f01d9f47-d29b-44ec-b5b3-fd249a8c00c8.jpg,U,0,U,U,1,31.201773748999926
f02b74b9-85b6-4a1d-aa61-a76f2a9304e8.jpg,0,0,0,0,1,2.046051958001044
f08c3a8b-6622-4e9d-86cb-04da96fc361d.jpg,0,1,1,1,1,2.7231965419996413
f0b2be05-f26c-43c7-9e19-32de31377de4.jpg,1,0,0,1,1,9.002985582999827
f1284d58-8448-4f0a-a6cc-22bf004a1acd.jpg,U,0,U,1,1,49.104059877000566
f1287e3d-56e3-44ee-b26b-9c55a8523e4a.jpg,1,0,1,1,1,9.91386649999913
f1b74ecf-a549-4a28-b377-830b700c856c.jpg,0,0,U,1,1,531.167577832999
f1f815d7-d6e7-4c28-889b-f0ac1fa479ca.jpg,0,0,0,0,1,6.302322375006042
f22b6233-224f-4ed5-8210-f01dd8988d12.jpg,1,0,0,1,1,6.244192291000218
f2498328-18f0-4251-aafa-bf0ed25edeab.jpg,0,0,1,1,1,9.000805957999546
f24e0c7c-5d00-4598-bde9-1fe8c3f40d50.jpg,0,0,0,0,1,5.019891167001333
f2700a40-c26a-427a-85bf-6ebaf8fadaba.jpg,0,0,0,0,1,8.053456542002095
f3323b42-e08d-4a2c-a662-9fa23790f882.jpg,1,0,0,1,0,28.23695399999997
f3391276-a771-4c38-96d1-a7af331c2549.jpg,U,0,U,1,1,21.066713290994585
f33bcfc6-e81c-495a-b09d-9912b9d88c3d.jpg,1,0,0,1,1,24.184238583002298
f35f499e-e130-453a-a32d-8d0c980edb42.jpg,U,0,U,1,1,161.23607895800524
f394fa1f-3e85-423f-b176-6361eff46ffc.jpg,1,0,0,1,1,10.561431042006006
f49f24f6-cb6b-4318-9727-e41314d5d67c.jpg,U,0,U,1,1,33.58308095900111
f4a89e3b-3b54-4023-91da-91b19f18f13b.jpg,0,0,1,1,1,29.40860916699603
f4d2dc53-42b3-4af3-8fa4-3b96770fc58f.jpg,1,0,1,1,1,16.569966748997103
f53904d4-2d9b-44bd-95d8-42dd44633a3b.jpg,0,0,1,1,1,11.08936787499988
f572e482-f3ba-4995-acc4-559701a39b30.jpg,1,1,0,1,1,11.813262667004892
f5c3ecf7-2944-40c2-be26-6ed6a8ef7005.jpg,0,0,0,0,1,32.13728491600341
f5dd7604-c360-4aa2-9e06-18e589e1934a.jpg,1,0,0,1,1,112.34405716700496
f5face91-8e62-4f57-a678-8afc5db02283.jpg,1,1,0,1,1,31.65814225000213
f611204a-607e-4f1d-81b7-b0345b6aa7fd.jpg,0,0,0,1,1,9.86536091700691
f62896f4-5e43-48a6-a512-8fe43fde05ae.jpg,U,0,U,1,1,14.431372250998947
f635741a-81cb-4f36-9b84-826855e8e613.jpg,1,0,1,1,1,6.849283124996873
f67118b5-4ccd-4aaa-9e55-0bf2756f7c8c.jpg,0,0,0,0,1,6.302405624999665
f6b335a3-11b0-430d-8144-7216cdc53ba7.jpg,0,0,1,1,1,25.11573366599623
f6d218f5-70e5-4e7b-81a8-516186298f30.jpg,U,0,U,1,1,52.39751608299525
f6ea06fd-d3ac-4de5-9d0d-5e9d76823bc9.jpg,0,0,1,1,1,113.09154995800054
f6eebf6a-b878-4252-a713-2834980c33e3.jpg,1,0,1,1,1,26.975811041005954
f6f7c481-ea58-4c02-bcb0-c7851aef0aad.jpg,1,1,0,1,1,14.626178041995445
f70316e3-b5f9-49d5-8821-de187b2fd866.jpg,0,0,0,0,1,4.761461624999356
f7038231-e3e9-4f7c-8072-7348e81607c2.jpg,1,0,0,1,1,5.32524612499401
f7341fcf-16cf-41f7-bf99-191c8c4a12ff.jpg,1,0,0,1,1,6.929208707995713
f78041c9-89ad-4ab8-b5c1-0f254053714e.jpg,U,0,U,U,1,71.79370904099483
f7ab978b-3732-4ddc-809f-58a65fbfa2d4.jpg,1,0,0,1,1,61.00809283399394
f84960ba-ad41-4fd3-b084-42e16955b08a.jpg,1,1,0,1,1,70.26833641700068
f8552c96-b1ec-414b-a091-abe88c744bf2.jpg,1,1,1,1,1,76.14874845899612
f87a76bb-94f1-4a62-bb87-754d1434cb6e.jpg,0,1,1,1,1,11.363630457999534
f8c9e599-980f-453e-8a4f-1903c50bde41.jpg,0,0,0,1,1,84.50399141600064
f95090d1-3da5-434b-8bbf-175548c299e5.jpg,0,0,0,U,1,46.12971570799539
f95b6847-48e6-405a-97e9-906f65c0c998.jpg,1,0,1,1,1,160.9709820000062
f96fbf2e-db91-4f2c-a21a-2fbf16c7ba1c.jpg,1,0,0,1,1,7.529547124999226
f9e2b4d0-08ca-40b1-aa31-afc00e6522fb.jpg,U,0,1,1,1,256.1137136659995
f9f5ef5f-8040-4d62-b2bf-0f5b6c5e8b63.jpg,1,0,0,1,1,7.762006083001324
fa21ff10-736c-4cf3-8e1d-b2927e272421.jpg,1,0,1,1,1,18.811991624992515
fae06b10-4b32-462f-865d-36eeb9e30496.jpg,1,1,0,1,1,44.6979382089994
fafdd65a-b209-41eb-8dab-97628779b60f.jpg,1,1,0,1,1,20.206437791995995
fb469a96-9c88-4b37-9144-e0a17e08337c.jpg,N,N,N,N,N,3.916470208998362
fb4ec8fb-cefd-4ef1-af66-dd9cc009b8fb.jpg,0,0,0,0,1,10.002111166999384
fb5024b0-f7db-46d9-a001-48e9c41e51b4.jpg,0,0,1,1,1,6.457195458999195
fb709c69-d936-4e92-891d-93735d1bbd21.jpg,1,0,1,1,1,7.803579541003273
fb926744-fc4c-4bf6-842a-5e8387993786.jpg,0,0,0,0,1,107.39370899999699
fc23d986-fbf0-4b5e-87e9-53629e05317a.jpg,1,0,0,1,1,5.432854416001646
fc2d1953-ec98-469a-9c60-3779b1dd3377.jpg,0,1,1,1,1,10.488471625001694
fc3b793e-872e-466a-b664-198d283a9f33.jpg,1,0,0,1,1,6.628983499998867
fc5d0d6b-c335-412f-be89-d2185c7bff33.jpg,1,0,0,1,1,6.952529542002594
fc6aebd1-e7a0-4ee7-a9e5-f3950d4479d0.jpg,U,0,U,1,1,12.192367290997936
fc71727f-f9a5-4d76-9046-25ad6faa6576.jpg,1,0,1,1,1,11.362387209002918
fc8fea28-dd53-416f-9659-8c254fe1551a.jpg,1,1,1,1,1,9.028715250002278
fcee5d75-2a61-4f3c-b6c6-b8da4e84d52b.jpg,U,1,U,1,1,26.07530058399425
fd122d8e-f83e-419a-8ce5-8bc9c8626642.jpg,1,1,0,1,1,39.51894291600183
fd8d6b37-2e08-4060-8c2a-2d41816ea1f2.jpg,U,1,0,1,1,96.09010629099066
fd915ead-e5d6-4767-8654-f1fd7214a60b.jpg,0,0,0,0,1,5.362695834002807
fe0c31b7-1da0-4f25-9443-97ea3271dc29.jpg,0,0,1,1,1,63.76153716700355
fe34e59a-b308-4541-afa0-60e64d73bdf2.jpg,U,1,U,1,1,24817.004726874
fe425a8a-8946-484b-9c20-a34f38d0ce0f.jpg,0,0,U,1,1,50.7232340830019
fe46446c-94a7-492c-a6f6-8d40a7bfe261.jpg,1,0,0,1,1,13.400547167002514
fe4898e5-a271-4208-a937-95488cd82b0d.jpg,1,0,0,1,1,14.974660583990044
fe73871e-a7b3-4fec-a69d-e9f491ea3d1f.jpg,0,0,1,1,1,6.860323291999521
feb9d9af-9460-454f-a953-3545e1e5b0d0.jpg,1,1,0,1,1,7.107484250002017
feba3bab-c6f8-4521-8066-d8c636e416b7.jpg,U,0,1,1,1,34.73736745899805
fed8f9e0-50a6-4386-be65-894a05956611.jpg,U,1,0,1,1,46.82739399999855
fedddeb7-7dbd-45e8-b427-c7ba33af7784.jpg,U,1,U,1,1,70.10862775099758
fefb6ded-ead3-4ffe-96ee-5470f6adfc9f.jpg,0,0,0,0,1,6.645266499996069
ff2e5792-d625-460d-84d5-1562e1979d93.jpg,0,1,1,1,1,6.389008666003065
ff35a5dc-14a3-4ffa-9c8f-a22b4892b8fe.jpg,0,0,1,1,1,48.35660820899648
ff74d305-eb10-4685-ab45-599a8ae6cb5d.jpg,U,0,U,U,1,14.14405795800485
ff84238f-4006-4fb5-ad31-819634436190.jpg,0,0,0,0,1,9.074234208994312
ff9238fd-c0eb-4b8b-90f8-778d1e3d0811.jpg,U,0,U,1,0,95.42886354200209
ffa7faa0-05da-44c8-8df9-d1ac52c79827.jpg,1,0,1,1,1,19.275726957996085
