file,fruits,whole_plant,flowers,reproductive_structure,leaves,buds,time
0027f6ab-b23b-49c3-adb8-200d0135384d.jpg,0,1,1,1,1,1,6821.592071874993
00b233c1-e315-4c7b-afe5-b7f9524d8e5f.jpg,1,0,1,1,1,0,28.8021677070019
01aae507-4204-4951-9eb5-dc6e27f4c821.jpg,1,1,1,1,1,0,26.8391984999962
01bf5dc4-6be7-4816-a471-0f66c711fa20.jpg,0,0,0,0,1,0,17.12997170800054
030ebe21-2717-40e4-9752-369ea8ab8acb.jpg,1,0,0,1,0,0,4.092373916000724
03d3174b-a226-4d23-a62b-2a1c00a64414.jpg,0,0,0,0,1,0,35.45646266801032
03f85166-c949-4073-baa9-3c5c97d775c7.jpg,1,0,0,1,1,0,200.96186108299162
0410985c-f502-4ef2-a559-ffc524d0639b.jpg,U,1,1,1,1,1,126.1776359170135
0440640c-6235-4645-8b99-842dc98ab03f.jpg,N,N,N,N,N,N,1.1656476660000408
0471100c-4820-4dd9-b169-5a8b0b771447.jpg,U,1,1,1,1,0,2395.654199374992
049df85b-cd2e-4087-9e08-b3bcc425de7c.jpg,1,0,1,1,1,0,78.0623021259994
04cb297b-fe3f-4478-b437-4ed27417b670.jpg,1,1,0,1,1,U,160.00425945698453
05460077-5413-420b-8bde-9e56f81897e4.jpg,0,0,0,0,1,0,4.1592892080007005
0597ad1f-4e27-431e-8269-30ddb38400d3.jpg,0,0,1,1,1,1,36.372354998990886
05a886b8-a663-4fab-9c62-1249589b0b11.jpg,1,0,U,1,1,U,19.80134337601612
06310ad3-9ae2-45c6-92a0-834edcbb9d8c.jpg,0,0,0,0,1,0,11.66369524999891
0684a145-f01d-4b51-a466-0d0f05b6f83b.jpg,1,1,1,1,1,0,48.86880816701387
06e8047e-3c35-478c-a1c5-ce5eeee6b8aa.jpg,1,0,0,1,1,0,91.19542124999634
07ff272d-f1c2-4bf4-84d4-dd7273c7efa6.jpg,1,0,0,1,1,0,9.736553582999932
08218cea-6e70-4905-8827-8094d01e3a7d.jpg,1,1,0,1,1,0,60.507321083005536
082b24e5-3fe3-4001-9454-47851e79efd2.jpg,1,1,0,1,1,0,48.297710583009575
0833cb5c-8545-4f9b-97b3-8b3eace272b8.jpg,U,0,U,1,1,U,64.82115058300178
087a62c8-d4b3-4678-9df7-b7ba1c13c1a1.jpg,U,1,1,1,1,0,216.22535954100567
0885d90a-bdcf-4a79-a4e6-25dc022a721c.jpg,U,0,1,1,1,1,100.96154504101514
08ce3b98-71db-4d3f-b407-1914c53ca606.jpg,0,0,1,1,1,1,22.189821874997506
08d88044-dee5-4f16-b74c-2fd3c4f99830.jpg,U,0,U,1,1,U,13.298698833991239
09638d81-d20f-461a-bdde-fbf1bd4e1b2e.jpg,U,1,1,1,1,U,68.99990412298166
0988e6eb-a452-4981-bb82-7e49564cceb8.jpg,1,0,0,1,1,0,5.234491541000352
0a8dd0a9-dc86-4957-a9ec-86aa0452133d.jpg,1,0,0,1,1,0,6.254965751000782
0b5f38b3-4c55-4096-a5eb-446a4be20a1e.jpg,1,0,0,1,1,0,3.200940499999888
0c473e51-f9e3-4b65-9c38-2a48e4fb9f65.jpg,0,0,1,1,1,1,35.892479249991084
0ca4d649-f040-4b61-8508-309e96f6a315.jpg,U,1,U,U,1,U,56.418595334012025
0d5876c4-4e38-4375-8f96-2a23dd74406b.jpg,1,0,0,1,1,0,3.019855749999806
0de84502-c915-4e5c-9c4a-3b2e28b6f22b.jpg,U,1,0,U,1,U,42.43192550100139
0eccee65-0245-4cd3-9964-99017f2613ab.jpg,0,0,1,1,1,1,15.175413166999533
0f21c573-a6d2-42d4-9d7c-2537535b2235.jpg,1,0,1,1,1,0,53.01023370898338
0f549f2a-5817-4895-8dc9-e30777647890.jpg,1,1,1,1,1,1,8.168570750000072
0f62b21f-8e02-43e0-a7cc-bba531adf839.jpg,1,0,0,1,1,0,3.421441166000477
0ff4c8fe-8679-4720-8ad5-e57e1dbc3ebe.jpg,0,1,1,1,1,1,7.198328624999704
100166ba-f6c6-49e0-8f61-da54cebd2ce1.jpg,0,1,1,1,1,0,22.29704245900075
1036d3fa-5eb3-4c5d-bf91-b1a92466230d.jpg,0,0,1,1,1,1,191.55984316599506
10c3bfdd-eceb-464b-b3d2-de74493fd3c8.jpg,1,0,1,1,1,0,15.188653249000254
11052013-4c59-48d8-9bcc-a4a28eeca74f.jpg,1,0,0,1,1,0,4.50109779200011
1112f32a-cf06-4aed-a9d5-6321ae4c839a.jpg,0,0,0,0,1,0,17.990449168003124
11ade109-3e03-4270-bbe1-17e0f3d38075.jpg,1,0,0,1,1,0,2.9920877909999035
11b275fa-d2fb-4b94-a658-810638d53fbc.jpg,0,0,1,1,1,1,141.92464608401997
123dfcaa-4ba8-4efa-9230-5937e5f13c50.jpg,1,0,1,1,1,0,6.5322595840007125
12643bdc-4058-4358-9679-122c6be025b6.jpg,U,0,U,1,1,U,45.182161000996985
12c978f9-a33e-47d8-886c-182d0cce912d.jpg,0,0,0,0,1,0,2.229930334000528
130aa435-28ad-4ed4-a7b4-62a94430c715.jpg,0,0,0,1,1,1,38.63559145802037
1371570e-2eab-444e-8243-3ffed5454b17.jpg,1,0,0,1,1,0,8.953920124999968
146c0863-67f4-4987-9b34-339b65017801.jpg,0,0,0,0,1,0,3.381881708000037
14ae3ce8-3e5b-429c-9a15-02ac3d2ee462.jpg,1,0,0,1,1,0,4.284253041999364
14deec0d-594c-4b5f-892d-614562378301.jpg,0,0,1,1,1,0,138.14159804297242
16f0bdaf-ffcc-46a9-8d5c-602e723d5f28.jpg,0,0,1,1,1,1,92.79913849899185
16f3d1ef-8538-45dc-a666-66975e3787e8.jpg,1,0,0,1,1,0,6.190042375000303
1723688d-3933-44a4-b28f-542e799736bc.jpg,1,0,0,1,1,0,52.281314917001055
17ab30d2-c6a0-40fc-9f0f-97e026a9cb9e.jpg,1,0,0,1,0,0,52.382912333998775
17d5a55f-788d-4335-8e95-4f5c10f625d2.jpg,0,0,1,1,1,0,34.51712279200092
17fdf7a9-c872-4969-b5f9-c25657903a90.jpg,0,0,0,0,1,0,14.302582042001177
18014e93-387d-4660-b363-4255117f89a7.jpg,0,0,0,0,1,0,17.508091457998944
188d657b-f349-4f82-bf4d-4789ac0bc109.jpg,1,0,1,1,1,0,14.728558042000259
18d073cc-10ba-4d37-a4a7-3ee9058eafaf.jpg,0,1,1,1,1,0,12.401126748990919
18da1960-90e6-4f11-a31a-16686cd2972a.jpg,U,1,U,1,1,U,14.98408041599987
193d5a10-af6e-4f91-8e98-2279bc000ec1.jpg,N,N,N,N,N,N,1.6432468330003758
199c1a28-cc82-433d-a654-2631966a2697.jpg,1,0,1,1,1,0,183.40793933298073
1a4d86e7-0778-43a0-a503-249103ac467e.jpg,1,0,1,1,1,0,65.36171645900276
1a8f5016-d158-4928-8629-d3f2369d2d3b.jpg,1,0,0,1,1,0,17.67629979100002
1a9271e9-d67a-4299-8496-c79c4d5d7d39.jpg,1,0,0,1,1,0,969.6267619589948
1a9fbb02-fb9d-4fb7-b75a-7354940da6b9.jpg,0,1,0,1,1,0,98.28244987300559
1aea46c1-8021-47c4-b533-f0b3ccc9e316.jpg,0,1,1,1,1,0,101.09686662499234
1b8954d1-ead3-4922-ad53-3cdce8c83871.jpg,1,0,0,1,1,0,2.7634094589993765
1c009f52-0f24-43a5-8338-99c315e78b5d.jpg,1,0,0,1,1,0,36.02759483499449
1d4725ae-62ce-499e-8f6c-ef7e10457434.jpg,0,0,0,0,1,0,3.2584541249998438
1d723bab-55d0-45bb-8a82-d993387583b8.jpg,0,0,0,0,1,0,2.1248480839994954
1d80095a-d3d3-45b2-8039-10df13a3f81e.jpg,0,1,1,1,1,0,10.791783708000366
1df8d36d-ec2d-4d82-9f7b-04e7835c5793.jpg,U,0,0,1,1,1,523.2644987909835
1eb14870-4272-4b6f-a2b8-cfc63a75a3ad.jpg,1,0,0,1,1,0,27.912754999999834
1f761ece-7159-4f9a-97d2-0ff3c83a3f39.jpg,U,0,U,1,1,U,140.34933000097408
2024851e-7142-48dc-a086-59dbe3ed711b.jpg,1,1,1,1,1,1,50.135222457995496
2055aa6c-948a-4029-bbbf-f880906eeaa1.jpg,U,0,U,1,1,U,51.09148254099864
205eeac1-093f-4bd9-bc4a-e69aea5417fb.jpg,0,0,1,1,1,1,61.307019999997465
214c4e43-3e49-469d-a154-bf0e4d1176a0.jpg,1,0,1,1,1,0,19.32621625000047
21d3e51a-b7dd-483f-bcb8-2d016c253d6e.jpg,1,1,1,1,1,0,108.0810464589922
222db0cf-0f44-418c-a24b-cfd23545808c.jpg,1,1,1,1,1,0,14.289055790000475
225328fd-a21d-4ff7-b2a6-9efa720bc06f.jpg,1,1,1,1,1,0,10.775852707999093
229d6a1d-acc5-4618-946e-138341b0f838.jpg,0,0,1,1,0,1,35.612102917009906
22b40a14-575b-4cf6-8d3f-3bfd3a8f59e3.jpg,U,0,U,1,1,U,293.3619366669941
22bbfe54-f39f-4543-aad8-cdcdc85cfc10.jpg,U,0,1,1,1,U,29.406782625017513
2331c8cb-a2d1-4abb-a004-8bb7589ca46e.jpg,0,0,1,1,1,1,17.29125208299638
235d52b3-9e56-4ede-94a5-537df5e15cc8.jpg,1,0,0,1,1,0,3.8126706670000203
23ec323f-7ce3-45af-b6d6-2adfd3763aad.jpg,1,0,1,1,1,0,193.59344358200815
243aa5db-6498-45e3-bdde-836851a693a0.jpg,1,0,0,1,1,0,4.1322616249999555
24ba5f59-26ee-4ad7-a803-c8274fd073e7.jpg,0,1,0,0,1,0,8.563150291999591
2516ae4a-aa83-460b-9c11-777390e78445.jpg,0,0,0,0,1,0,3.6244989999995596
252890b6-f889-4c3e-83e0-12a2d8047dc4.jpg,1,1,0,1,0,0,17.42523733300004
25b9fb33-55e3-42fd-8f98-8e93abc8c50e.jpg,1,0,0,1,1,0,4.564333291999901
26558b0b-c080-455d-96fc-3b12b76b5322.jpg,1,0,0,1,1,0,4.7625559170001
26e1b8aa-da85-4165-bf5f-3e45da1ad5d0.jpg,1,1,0,1,1,0,38.065883583995856
271fef76-fe31-4da4-908a-4d5456d71daf.jpg,1,0,0,1,1,0,17.52343033200941
27df3ed4-a9a4-4bf9-ad44-a2957b76f48f.jpg,U,0,1,1,1,0,303.0009319160049
27f4d77a-6758-4368-869b-fbf86a6e7fa2.jpg,0,0,0,0,1,0,2.3904147499997634
27fffd66-0bce-45f6-8c75-62cc08fc1488.jpg,1,1,1,1,1,1,51.73907112600955
28278a7f-dfd0-404b-9335-daf59a841b76.jpg,1,0,0,1,1,0,4.839093917000355
282cbb40-4133-413b-8cd3-f3008ab99b81.jpg,0,0,1,1,1,0,83.01168570799746
290f5452-fbc1-4a96-a679-479ef8cb944c.jpg,0,0,1,1,1,0,57.71364933301129
298ce7e3-7aa5-4131-8244-c8e4e349d106.jpg,1,0,1,1,1,0,26.758207916001084
2995d0b0-38c8-4e1a-9783-abb37e633815.jpg,0,0,0,0,1,0,13.467511708003713
29fd1882-fbb9-4347-be73-0553a53ad071.jpg,0,0,1,1,1,0,14.006631082998865
2a462cbd-939f-4cde-a673-753147509764.jpg,0,0,1,1,1,1,24.715450708015396
2a8be652-6e74-479f-84b3-265c7ff55ac7.jpg,1,0,0,1,1,0,6.068207334000363
2b383682-7f54-46e5-bfc5-cecce95262e1.jpg,1,0,1,1,1,1,31.850003999985347
2bb6167e-e6f7-42c6-94be-b879af901419.jpg,0,0,0,0,1,0,3.568906416000573
2bc41124-4f22-41cb-bf63-e7bcdb65a11c.jpg,1,0,1,1,1,0,91.46852720899051
2c056265-b067-452d-b22b-a71a006e0e15.jpg,0,0,1,1,1,0,3.9625766250001107
2c1cb375-3d2e-4bc0-a055-bf465ea9f9c4.jpg,0,1,0,0,1,0,7.083273584000381
2c1e2628-0a1b-46ac-afcf-4b000b5a67f0.jpg,1,0,0,1,1,0,3.694155541999862
2c1f85bf-1992-42c4-baba-240e50fd5dce.jpg,1,1,1,1,1,1,39.373977832983655
2d45ba97-afdc-40c7-a824-27fc53d76d43.jpg,0,1,1,1,1,0,9.199124875000052
2ddde2a5-0ce4-42ff-a00c-c9402ed33bab.jpg,0,0,0,0,1,0,2.4132711660004134
2ea80900-13d7-4f1f-84fb-a502950bcab3.jpg,0,1,1,1,1,0,34.538873374996456
2f201999-7bab-4824-ab2e-bf86cdeaba12.jpg,0,0,1,1,1,0,108.04765579200603
30ead8a8-fd27-4b38-b98f-023a7fbb34d2.jpg,U,0,U,1,1,U,597.136210415993
30fbf842-a5cf-4264-9ef5-35418a9a0d4f.jpg,0,0,0,0,1,0,5.527036208000027
3153512b-7cc1-4cd3-8415-5f8928f7b1ff.jpg,0,0,1,1,1,1,15.078417334019377
31800c25-489e-4d60-b691-beab194f16c3.jpg,1,1,0,1,1,1,21.4998279999877
31fbc3b8-de32-4ef7-a392-497e109e54f6.jpg,1,0,1,1,1,0,18.945616083999994
32c807a8-c7cd-4200-be30-26834e1b3144.jpg,1,0,0,1,1,0,24.45476141601557
33292e87-abdf-4126-9d51-0b41ac1db5fb.jpg,0,0,0,0,1,0,2.240793707999728
33964d61-f742-494f-9cae-8fc39e291e10.jpg,1,0,0,1,1,0,12.695782457997211
339e50f5-bc0c-4b82-b17c-6408b355abd4.jpg,1,1,0,1,1,0,229.35838991799528
35140405-735a-4b94-9ead-932288d20e42.jpg,0,1,1,1,1,0,3.0756096669992985
365bc29e-73e7-40cb-b202-860764a0c388.jpg,1,0,0,1,1,0,542.8550856240017
368463f6-3fc8-455b-af0f-baca13853a98.jpg,0,0,1,1,1,0,36.82395120800584
3690054e-8258-4682-972e-8d54073a03de.jpg,0,0,1,1,1,0,37.40709100000322
3720c696-6880-485d-9076-4d95e717126b.jpg,0,0,0,0,1,0,2.229887999999846
37c12943-9b73-4efe-bf0a-f9459346dec8.jpg,0,0,0,0,1,0,3.0895199160004267
381e846c-4a5f-4080-8437-bfeadb5f4c61.jpg,0,0,1,1,1,1,41.330603874000644
38685059-a26b-461b-a80a-4f3c9cba08ea.jpg,U,1,U,1,1,U,3315.5240517090087
3a6c44cb-a8dc-426c-ade0-99cd696b59ce.jpg,1,1,1,1,1,1,47.27103695900678
3b306456-8f88-43c8-91d7-808748477f2a.jpg,0,0,1,1,1,1,19.367162375003318
3b6920ed-ee2f-40cd-972f-e5b43921eaef.jpg,1,0,0,1,1,0,31958.70864783199
3b7a3b76-e0be-4ed1-8763-d66d175f4b3c.jpg,1,0,0,1,1,0,59.11826454200218
3b85bf23-9247-43a9-840b-2778303c7c5d.jpg,1,1,1,1,1,0,117.58610266600317
3beb927e-d08d-4a23-8bbd-2f2fb714008d.jpg,U,0,U,1,1,U,60.685578625970265
3dd5ce3d-79bc-4c52-97b1-b19f4c7e1aca.jpg,U,0,1,1,0,U,61.52335025000775
3dd750f5-c518-4b01-b162-2abc2c79ffe7.jpg,0,0,1,1,1,1,100.28078449998247
3e279bba-b98b-465b-adb7-5379d7463b7d.jpg,0,0,1,1,1,0,12.719732458000635
3e36f9c7-f035-4cfd-9313-35846e10ed05.jpg,U,0,1,1,1,U,308.4691380009972
3ec2ae25-8ee8-486a-bb8d-80827b7af5fc.jpg,0,1,1,1,0,0,28.46059916802369
3ed28d23-6f40-4e72-8b19-4c731785d4a1.jpg,1,1,1,1,1,0,19.48739420799984
3eede621-dd0b-46af-be1b-597c7661bf33.jpg,1,0,1,1,1,0,11.096232332000454
3f2d6a48-a813-4f3a-9e99-889fc7d2aaf8.jpg,1,0,0,1,1,0,7.939621124999576
3f47bb0d-aadb-45b8-b4cd-57c1b990b27a.jpg,1,0,0,1,1,0,9.47072183299997
3f495805-5180-405c-b40a-a71b3bbf17a0.jpg,0,0,0,0,1,0,3.8262560830007715
3f9ee764-c70c-4bd3-89d2-826689f972cc.jpg,1,0,0,1,1,0,5.3226562079998985
3fbf9d7e-a21b-42b8-8b2f-f0559ca62a68.jpg,1,1,1,1,1,0,37.96562391599673
3fd975a5-b708-467e-9f74-de62975fb218.jpg,1,0,0,1,1,0,4.803462500000023
400a4ebf-095c-4232-8e1e-60d036765f69.jpg,0,1,1,1,1,0,7.1499840840001525
407f89a5-5da5-4448-8fa3-32d90634e3ae.jpg,0,0,0,1,1,1,114.70826174999775
40d3c6e7-e4b0-4609-b390-e99ae28864cb.jpg,0,0,0,0,1,0,2.8265058329998283
425ce883-ee46-475f-9f9b-f9b9b302c7fc.jpg,1,0,1,1,1,0,148.90365454298444
42721098-abd5-4346-8fc8-a2763c6df237.jpg,U,0,U,1,1,U,41.53014408301351
428a6f9c-d607-4fa3-98bd-74e734bb8db1.jpg,0,0,0,0,1,0,6.306134041999485
429f61e4-b73f-415c-82c6-eab7ca00620c.jpg,1,0,1,1,1,0,9.045080708000569
42aaabca-59c3-4278-963d-b4af7d93a0d3.jpg,U,1,U,U,1,U,173.30895904202816
432ab23d-d716-4b9f-8a48-23a6f2c19667.jpg,1,1,1,1,1,0,9.340820623999207
4340a13f-24ec-4c07-a1de-724162e2d3d4.jpg,1,0,1,1,1,0,45.596812540997234
439fd83b-823f-4ed3-8d75-0ef675f190b2.jpg,1,0,1,1,1,1,75.32436325199751
43c44f31-b4c2-4bd7-b2fa-954e79c67d83.jpg,1,0,1,1,1,0,64.22441104100335
440f0fd6-2236-4646-870c-a675d3ddda66.jpg,1,0,0,1,1,0,6.040333500000088
4463ed1d-e37d-42fb-a2ba-b90a58f8f5ca.jpg,0,0,1,1,1,1,27.093513248998534
447f34a8-a018-4a7b-b161-44e2e47d37b9.jpg,0,0,1,1,1,0,88.83471412498284
449609b0-55eb-42cb-a797-15e17cbdec12.jpg,0,0,1,1,1,1,22.303882915998656
44bd05fc-2c92-4df1-8d15-c44c0429045c.jpg,1,0,0,1,1,0,9.681343374999415
450d46f5-9348-41fb-84a2-4d2f86c7fd09.jpg,0,0,1,1,1,0,135.85283366599833
453a0588-2757-44c8-adba-2e7db5e001f1.jpg,U,1,U,1,1,U,27.245864749994325
45440f79-882f-4d65-bc4f-c663bc3e5f28.jpg,0,0,0,0,1,0,7.007425958000113
45ee8a67-a6ae-42f5-8eb9-ced26ed3be2a.jpg,0,0,1,1,1,1,82.0642352500222
46852dec-94bd-462a-838c-0e2f90a997f4.jpg,0,1,1,1,0,0,8.396861000000172
471a22ef-5cee-4e72-bda5-39c0ccc5379a.jpg,0,1,1,1,1,0,19.37057879199392
4783d7e4-5c14-4e76-8767-0d65d654143f.jpg,0,0,1,1,1,0,7.841280540999833
48552047-6f77-442e-a3db-b5c158a8db39.jpg,1,0,0,1,1,0,9.185176916000273
485e10e5-3bca-43c0-841d-2f8638d78f6f.jpg,0,0,0,1,0,1,69.64249487499183
492558a0-76c9-4d43-ac65-d6435a8747f9.jpg,1,0,0,1,1,0,4.073868708000191
49304c2c-4c7f-423b-8b2e-f009d54b5d2a.jpg,0,0,1,1,1,0,20.064833876999273
4935387b-bb4b-4964-a1cc-de70e3363baf.jpg,0,0,1,1,1,1,25.36048391699933
49a43e99-5324-4fac-b9c0-7b2c17ed5205.jpg,0,0,1,1,1,0,27.22514733299886
49efe048-1644-4154-87d0-f9b3b090fdbb.jpg,1,1,1,1,1,1,14.970407374999922
4b7d45cb-f4e7-4737-b57f-62c701d7db66.jpg,0,1,1,1,1,1,27.91265374900331
4ba3bfc5-687c-4922-89ee-354f2926bd00.jpg,U,0,0,1,1,U,94.10755829199297
4be62e47-62fb-4c49-bd55-8f9bd2021c58.jpg,0,0,1,1,1,0,18.330738042002395
4c27375f-b7dd-4889-978d-9061efbccdc4.jpg,0,0,1,1,1,0,78.20476408200466
4d20e624-3dfb-4fec-af90-10ba8a845eb2.jpg,1,0,1,1,1,0,11.597021792000305
4d3b342c-a99d-406b-aebf-7f66226daa87.jpg,N,N,N,N,N,N,1.1343739999992977
4d95b5ef-fd26-4762-92df-409ebdc52974.jpg,0,0,U,1,1,1,101.93400016700025
4da3abec-0ce9-413f-9e30-72b0d0c086d4.jpg,1,1,1,1,1,1,27.843221666999852
4dcae0ef-396c-49aa-be26-a68e46e85e42.jpg,1,1,0,1,1,0,20.719676832999994
4ec651db-e563-4c9d-b5e6-36d357a55ea9.jpg,0,0,1,1,1,0,253.8953659590088
4ecd2978-d04a-4e09-98e2-9ff482c9d51f.jpg,0,1,1,1,1,1,13486.613605375996
4eeb29ea-7efa-43b9-b1dc-eb41bb25cbf9.jpg,0,0,1,1,1,1,77.65324483300947
4ef4c383-a53e-4318-b3b5-99a7ed1897ef.jpg,U,0,U,1,1,U,620.9750845420003
4f78b2a1-8834-4e75-8786-c299ab9307d2.jpg,0,0,0,0,1,0,4.1402867919996424
4f7b3ddb-61a5-4813-9dd2-4b78d8c123a4.jpg,1,0,0,1,1,1,279.9636641659804
4fa4b8a9-58a6-4258-a8c1-1c991466c719.jpg,U,0,U,1,1,U,37.35438179202174
4fbdb5ba-127f-455e-ac9b-abc9861d9850.jpg,0,0,0,0,1,0,31.282254458003536
50505c43-8bd0-4396-b782-e63414715191.jpg,1,0,1,1,1,1,21.22341454299749
50878666-3346-485a-9f30-c61dba6d6f44.jpg,U,0,U,U,1,U,20.862819334998676
50a7f540-d7c2-40b0-b6b0-894e2a79f81c.jpg,0,0,1,1,1,1,143.2179151669966
512f5037-b8fd-4214-8118-403f7ffe5abc.jpg,1,0,0,1,1,0,4.53477466700042
518222cd-eea5-4389-be5f-9d557793bf08.jpg,0,1,1,1,1,0,27.509470875005718
51a69a28-37ec-4b08-833d-5527fd2dc7d2.jpg,0,1,1,1,1,0,14.266569791000165
52dfc8b1-fde1-47a7-9413-8d6a6941101d.jpg,0,1,1,1,1,1,157.5937481259839
5318adaf-fbf8-4bf5-9745-c3bcb2eca802.jpg,1,0,U,1,1,U,1135.613409666999
534f0d14-d7ca-4b95-8f30-b72560d40407.jpg,0,0,1,1,1,0,77.84390083199969
53b0c71e-4c6c-4bc1-93ea-8b71c67f3ad3.jpg,U,1,U,1,1,0,94.99197512401861
541c04c7-6c07-4c04-a34f-c7795135ecc2.jpg,1,0,U,1,1,0,60.50512524999749
54249302-197b-43c4-a60c-d2a02530b6a8.jpg,1,0,0,1,1,0,4.028223791000528
552607f7-0aae-4744-9585-cc90fe9bb68c.jpg,1,0,1,1,1,1,45.94942645898118
553f494d-54b1-4f48-abcc-43db775bc181.jpg,0,0,1,1,1,0,33.6820231240099
554e6c66-e10a-43bf-9f00-fbc2699b2e6a.jpg,0,1,1,1,1,0,49.78129850002142
56082b32-1dc3-48ed-afce-0701bcd87832.jpg,U,1,1,1,1,U,58.56823733301326
561443cd-5494-4923-acd6-c0475c787399.jpg,0,0,0,0,1,0,2.8761289580006633
5685d45d-8f60-429b-aa25-bbb9b9d20bfd.jpg,1,0,0,1,1,0,24.333338249999542
56f20d8b-f5fe-4ac7-bb4b-0e233d958b94.jpg,1,0,1,1,1,1,7.713498417000665
56f36248-54ed-4219-979d-5313f481cd83.jpg,1,1,1,1,1,1,78.17105754199201
5757bf06-5d5d-45c4-9d19-81ef4a6c6d5b.jpg,0,0,0,0,1,0,2.384284832999583
575b8c98-5014-4d1f-b06c-9ec31c2d3636.jpg,0,0,0,0,1,0,4.111836334000145
58585259-3387-420a-a821-07cf7fb4a105.jpg,0,0,0,0,1,0,38.95395354197899
58a70c3f-4d20-4842-a69a-fa6601bf7af0.jpg,0,1,1,1,1,1,11.191103624999869
58acff39-5eef-46d3-838f-51603079730b.jpg,0,0,0,0,1,0,4.530140040999868
59a21840-616e-4404-8daa-5cca24bd7dd4.jpg,1,0,0,1,1,0,15.754553916999612
59f4980a-282f-4af8-b473-9af0c2620972.jpg,1,0,0,1,1,0,5.257135083999856
5a09d7d7-2780-4661-b531-62d9f52aed26.jpg,0,0,1,1,1,1,16.099988750000193
5a21f994-37be-4e81-8efb-314607ad1893.jpg,N,N,N,N,N,N,1.7425994590003029
5a4fc945-8b40-4185-a4be-f4277f76e844.jpg,0,0,1,1,1,1,49.43001270601326
5a5c903b-22b4-41c0-a3ee-2d15dbce44cd.jpg,1,0,0,1,1,0,6.958466541000689
5aea9d01-41f1-4b3b-8804-3ca65ab7b14b.jpg,0,0,0,0,1,0,2.276353666000432
5b8c8001-7d65-445a-900c-289f5700707e.jpg,0,0,1,1,1,0,198.32209783302596
5c50db26-fadf-40f9-b709-64d884108914.jpg,1,1,0,1,1,0,50.51853908298517
5cd8027a-13fe-4a60-829e-2fc4b19d52f5.jpg,U,0,1,1,1,U,125.65898591700261
5ce2ad22-f7f6-4dcc-9297-c2a6023d6973.jpg,0,0,1,1,1,1,86.67806508401009
5ce5130c-bc47-46d2-a3e2-4b5e0929d93d.jpg,U,0,1,1,1,U,681.8208600420048
5d15c669-d957-49f5-9551-3bdfc09d5b29.jpg,0,0,0,0,1,0,2.4369449169998916
5d3d4c82-e238-4c6a-ba26-c751bbe443e6.jpg,1,0,1,1,1,0,20.57014208299097
5da36fa5-fde7-4238-9bad-2a01c6f8b2d8.jpg,0,0,1,1,1,1,23.77365170902158
5e24e16c-63c1-4f05-b427-f55fb4f297b9.jpg,0,0,1,1,1,0,37.83498546000192
5eb02ad0-9349-44b0-bdae-1207f0598bc8.jpg,1,0,0,1,1,0,14.038584707000155
5ef516f6-af53-4103-98e6-1bbdc14b8e5d.jpg,1,0,1,1,1,0,10.749627832999977
5f0c9ead-9243-4eea-9934-64f9fe9ee614.jpg,1,1,1,1,1,1,12.678859457000726
5f49f8f8-6f43-44a3-a45a-2fac36726d68.jpg,0,0,0,0,1,0,4.130351458000405
5f90461f-9ea5-4404-84ca-3f7f7d1733ff.jpg,0,0,0,0,1,0,2.090015249999851
5fd6e289-30cd-4829-b13d-27f005a226ae.jpg,0,0,1,1,1,1,30.40120374999924
5ffd83d9-28e8-4015-95b9-28ef4fea4c7c.jpg,0,0,0,0,1,0,34.098204790977434
601849f6-c258-41d3-9123-f53b6058a661.jpg,1,1,0,1,1,U,121.00393699999904
605c4403-4e6c-4ebf-87a8-813c0dd3d9b8.jpg,1,0,0,1,1,0,3.401225792000332
60ff0d17-185e-4553-9598-e48da29617c4.jpg,1,0,0,1,1,U,53.48822204097678
6118fbbd-ef89-4c74-900d-7fc42ff21f55.jpg,1,0,0,1,0,0,3.7032485420004377
6133f5a0-a010-40eb-9adf-1d4d6bd07fc0.jpg,0,0,1,1,1,1,32.526031999989755
61b48f95-d404-40a0-8699-10de2c81c286.jpg,1,0,1,1,1,1,30.82991816699723
62591bb4-0d67-43db-b9c7-5934c0d51406.jpg,1,0,0,1,1,0,42.6332657070061
62877bc4-f457-4c7b-8066-c796cbee84ca.jpg,0,0,0,0,1,0,2788.283896916994
628dfe94-ba55-42f1-9fee-b090bff0e777.jpg,0,0,0,0,1,0,3.3908029590002116
62b92f4d-1081-4210-997a-bd1423c484ad.jpg,1,0,U,1,1,U,26.756723332006004
62f3f116-f3ec-41c7-bc96-2b07c452feb2.jpg,1,1,1,1,1,0,461.95899674900375
63a01b4b-fa75-4e2e-a17e-73ff1baf1ae8.jpg,1,0,1,1,1,0,275.07228849999774
6467d88b-62b1-4658-840e-9a8f67834063.jpg,0,0,0,0,1,0,2.7298545419998845
6495454d-6dea-44a4-9e62-da6fc7477721.jpg,U,0,1,1,1,1,20.22251704099199
64d1ae02-38d8-48a1-bcbd-534a17b76cfd.jpg,U,0,U,1,1,U,17.004079625010036
64da8c31-9898-40b3-9575-8e674e44e776.jpg,1,0,0,1,1,0,3.04931412499991
65045f04-455d-4c89-a733-85b809063b73.jpg,1,0,1,1,1,0,588.6691407089879
6547b472-d9d9-4783-a5fe-8b64569c6587.jpg,0,1,1,1,1,1,12156.315590459042
65ab0198-9e6f-4f25-9e7b-f3a59a6303bf.jpg,1,0,0,1,1,0,8.677755167000214
66366e64-9406-4204-b7c4-83b53a746425.jpg,0,1,1,1,1,1,16.952419665998747
66d83c4e-619e-4fd4-b4e3-36136669b2bf.jpg,1,1,0,1,1,0,872.9011929160018
673358d9-e899-4527-acbf-64cc8193fd71.jpg,U,0,U,1,1,U,36.450580750004065
676c1808-c12b-4a5f-ba9e-8a91230de3a6.jpg,0,0,0,0,1,0,3.339059083000393
67a54bf4-7d11-4c55-b984-122b05458456.jpg,0,0,1,1,1,1,19.792108125005143
67f90a7b-951d-4781-ac0f-1fdbef34d866.jpg,1,0,0,1,1,0,68.27670600199534
68218a23-2957-4f9d-86f6-ef23efcdba20.jpg,0,1,0,0,1,0,4.744306915999914
68968e02-269c-41e6-a022-977220c0f252.jpg,1,1,1,1,1,0,16.40309979099993
693eb377-5794-4293-a47e-4ab59e58cf84.jpg,0,0,0,0,1,0,10127.717100957996
6982891f-ab9b-4f72-8658-d56c272a7238.jpg,1,0,0,1,1,0,2.8453931669992016
6a351b7d-d307-4dcd-a91a-6eb4b51b92c7.jpg,1,0,1,1,1,0,104.732946624004
6a353683-9c27-4b35-a2c5-d9f3cc4cc904.jpg,0,0,1,1,1,1,53.06622833300321
6a5337c8-f71d-4a84-a718-b526d3c4c604.jpg,1,0,1,1,1,0,45.438146622997806
6a8685ce-9eeb-4c5d-ba5f-62974bb96cba.jpg,1,1,1,1,1,1,202.31092970799563
6aaf4c30-f419-42cb-bdba-24b29ea16142.jpg,U,0,U,1,1,U,22.8387957919968
6ab402c2-0d66-437d-a471-907c3d8965d1.jpg,1,1,1,1,1,U,139.0881723749971
6ad608ea-f70e-4256-998b-3b622021c438.jpg,U,0,1,1,1,U,227.23224858399237
6b097d94-023b-48d8-b7fa-0ed9e88fd09d.jpg,U,0,U,1,1,U,7859.666065123996
6b4d5973-d977-481e-a616-67dfa1e1ddf0.jpg,1,0,0,1,1,0,6.630532749999475
6cd44a77-af2f-48a5-9e7e-fc5be6f0a043.jpg,1,0,0,1,1,0,19.875114542996926
6cf9b8bf-ab17-425d-a359-d35001fe4f36.jpg,1,0,0,1,1,0,4.4305097080005
6d42f569-b89b-4719-8c7a-e96f2fb0bd2f.jpg,0,1,0,0,1,0,395.9679144989982
6db8a2ef-5944-4f88-a249-2e5466071a02.jpg,1,0,0,1,1,0,17.145092334000765
6dea24ad-c888-4167-be18-33c6be735ed8.jpg,0,0,0,0,1,0,2.300545707999845
6ebbd621-b1b1-43b2-b15b-13a95ebffccd.jpg,0,0,0,0,1,0,14.944001958000626
6f42ea68-1127-44fe-a9a5-3b4fab74f21f.jpg,1,0,0,1,1,0,3.715104999999312
6f756e49-c9aa-41fe-abc7-19848ba2e8d5.jpg,0,0,U,1,1,1,205.2468135820045
702c5193-118f-41e9-a798-fd31001296fa.jpg,N,N,N,N,N,N,1.1501415419998011
70344611-c5e8-4eb7-93bc-978597ba39e9.jpg,1,0,1,1,1,0,64.99506370900053
708bbeb3-b610-42fb-8cd1-a588fc024fd8.jpg,1,0,0,1,1,0,9.978961749999144
70ae3512-e384-42cb-8c3e-46947d54afd0.jpg,0,0,0,0,1,0,5.073595208999905
70ee930c-5b87-4980-89bd-68476a46857e.jpg,1,0,0,1,1,0,4.362698667000586
70f72729-9413-4efe-b320-ba8be6d647e9.jpg,0,0,1,1,1,1,265.7378637909951
71fc1e73-6843-4299-ab9c-2d5ee4027226.jpg,1,0,0,1,1,0,2.6694002500007628
72597b3b-0f5a-4866-b8f6-7b2f28a04d81.jpg,1,1,1,1,1,0,24.620901916993716
72a34bd9-a9bc-4f5e-bc11-864e1b13a7d8.jpg,0,1,0,0,1,0,3.373912666000251
72ec8471-9312-4f9f-989f-274ef46e1ef6.jpg,U,0,0,1,1,U,1067.0337250429975
73fbeeaf-b14c-4c2d-85b9-c3a6b1cea55d.jpg,1,1,1,1,1,0,11.810364459000084
74906c79-5fb7-436a-a55b-dab9099a266e.jpg,1,0,1,1,1,1,437.55723908399614
74f914ec-b87f-4a12-8ee7-f166c870ee69.jpg,1,0,0,1,1,0,74.74337375000232
755eb049-fada-4cc8-9a80-b702f49bd05b.jpg,0,0,0,0,1,0,3.693751916999645
7566e502-18ad-4d50-818c-4af84ecfb945.jpg,U,0,0,1,1,U,41.171282373000395
75a198de-07a8-4a48-9857-f494051a5bbd.jpg,1,1,0,1,1,0,14.460181959000693
76a4983b-8d76-49ae-bb81-82b4fd43a112.jpg,0,0,1,1,1,0,280.6013379590013
771e969f-05c7-4bde-891b-14525a92c354.jpg,1,0,1,1,1,0,236.24347458299962
7773c818-f89f-4986-a967-98235f6a531f.jpg,1,1,0,1,1,0,169.34535308299746
77bbd9f0-b2f8-4818-96ac-11124228120b.jpg,0,0,0,0,1,0,3.6293993749995934
77cb5011-03e8-436b-8e4d-6caa949457e3.jpg,0,1,0,1,1,1,89.4105100820052
77d69706-1cd2-48e7-801c-9095ef61a5c5.jpg,1,1,1,1,1,1,11.311522166999566
77dbc5c5-6a67-4123-a5cb-026173f1c120.jpg,U,0,U,1,1,U,190.38337975198556
78407284-9d81-4923-a9b3-85fa6c6505fa.jpg,1,0,0,1,1,0,4.332924500000445
78e40921-8493-4ba2-aa6b-b124da5ffd5a.jpg,1,0,0,1,1,0,4.657780042000013
7a047734-6006-4639-a32d-5fbf6df81127.jpg,1,0,1,1,1,0,64.4435675409959
7a05c4d4-635b-4b7a-8d36-f0b2cf7f62c4.jpg,U,0,U,U,0,U,454.6186817909993
7a254bfd-7bfe-4c38-aa7b-4c62367e0afe.jpg,0,0,0,0,1,0,7.546622249999928
7a2dae2c-3df6-4d46-a38e-79c9a28cd83e.jpg,1,0,0,1,1,0,168.4935759580021
7a9b395c-0a02-443f-bfda-3c4a8e169010.jpg,1,1,0,1,1,0,2500.8259586659997
7af0edb8-3883-4493-a0c6-81cfe515a383.jpg,U,1,U,1,1,U,94.57410879300144
7afc5ca6-3025-4239-8320-2062990a659b.jpg,1,0,1,1,1,1,34.96287637599606
7cb73e05-78f5-4453-8009-542146cf8cc3.jpg,0,0,0,1,1,1,975.4594814999994
7d96bbbc-0ec3-4d51-b843-f07c223b09cb.jpg,U,0,1,1,1,U,62.04168383199932
7da295d9-f835-4a90-b09a-fa4c93f2d14a.jpg,U,1,0,1,1,0,833.2674784989981
7dda87d6-f0bb-4561-892a-fdf9c996455b.jpg,U,1,1,1,1,U,29340.00197396
7debc51e-02a1-4fff-b3aa-ac09357db911.jpg,0,0,1,1,1,0,38.572643750000395
7e1ba1bb-0e18-4121-b3ba-ee4dd9046b4b.jpg,U,1,0,1,1,U,37.74260245699719
7edcd6d1-9ffc-4622-9a58-1955fc88f7c3.jpg,0,1,1,1,1,0,8.744573290999995
7eed2375-9814-4272-ab78-d8b2b23bcc32.jpg,0,0,0,0,1,0,27.038472124988516
7f2cdca7-23ec-4f5b-b9c7-94d0a94f4bfc.jpg,1,0,0,1,1,0,7.2689162499999895
7fe8817a-c760-4d2d-98b1-2be96898e197.jpg,0,0,1,1,1,0,335.37261841699797
80580dbd-ff23-49eb-be4f-19ca9e86721f.jpg,1,0,1,1,1,0,880.0315939579933
8081026b-3d1b-4bcb-bbfb-26efe41a07dc.jpg,U,0,U,1,1,U,132.23502037400036
808c2ed9-692a-4fe4-aa69-70ed402a7ece.jpg,1,0,0,1,1,0,4.494332624999998
80e0c40f-13a7-49b3-8578-7cea9cdeae7d.jpg,1,0,0,1,1,0,36.227434790998814
81da8fe6-99de-4e58-84d1-b833ec3d1385.jpg,0,0,0,0,1,0,5.743414541999982
825df71d-4c05-4c50-9ae4-7e98532c6501.jpg,0,0,0,0,1,0,6.690249875000006
82689366-96fa-42a1-9501-688f578b5d10.jpg,1,0,0,1,1,0,12.813502959000601
8269b8dc-2f84-4c7d-9539-472108ce10c9.jpg,U,1,1,1,1,U,87.85570483399891
828faee3-7011-41f0-affc-abe48a78a2cf.jpg,1,0,0,1,1,0,46.71766137499182
82fa1622-dcc6-4f0f-8945-2d962aa507ae.jpg,U,0,1,1,1,U,343.3123432490023
830768f1-947f-4bcf-9089-6e55cd5cf246.jpg,1,0,1,1,1,1,37.99919229200222
8334a4ba-54a5-4d7f-b2d4-b83822eca94d.jpg,1,1,0,1,1,0,43.152084874997826
834a3066-860b-4543-a3c5-c2db3bf09342.jpg,0,0,1,1,1,1,28.00241062600014
83c1c3d0-746a-47b0-9b9f-91b3bdc9d763.jpg,U,0,U,U,1,U,98.3057008749987
83e07f61-64c8-4c45-8ac3-40fed32651f1.jpg,1,1,0,1,1,0,405.90795295800183
864c3426-e7ed-46b0-9db3-cdb512ca2cb4.jpg,0,0,0,0,1,0,17.08184266699999
871d1aec-fa5f-4e57-8174-cbe90118f169.jpg,1,0,1,1,1,1,8.29686616699999
87d45ede-d1b4-464d-8e67-675e3dfb3dff.jpg,U,1,1,1,1,U,145.93774200199402
88bd79a2-df6e-4a8a-842e-bf98c5da236a.jpg,0,0,1,1,1,0,8.34595729099999
88dc2337-7591-48c0-aca6-8c0e531f38fb.jpg,0,0,0,0,1,0,4.104803207999993
8952345b-b949-431f-af1f-1e0526bbfce2.jpg,1,0,0,1,0,0,8.116429082999986
89a70b8d-2cda-4ca2-8d1a-6e9ec2b5a411.jpg,U,1,1,1,1,U,15.912319667002123
89c40b81-5b48-4cf3-8d50-c8976e1db643.jpg,U,0,U,1,1,U,130.9649178750086
89fb3936-46da-4ea1-b480-146e46256391.jpg,1,0,0,1,0,0,34.620116582998435
8a1360fc-1fcc-4bc2-a041-ba225e1ce594.jpg,0,0,0,0,1,0,5.384901375000027
8a2c0184-c466-476b-8f12-a04236c1b3d9.jpg,0,0,0,0,1,0,5.489984499999991
8a3f6c3d-b2dd-4e5a-a252-49a09f5794dc.jpg,0,0,0,0,1,0,28.107241249001447
8a4f7638-14bc-4f83-8817-10a9fd4dcf26.jpg,0,0,0,0,1,0,3.3226300000000037
8a98e8e4-2470-45c0-8a62-cc286791669a.jpg,0,0,0,0,1,0,2.055994250000026
8b155d35-5822-42fa-a784-b2c9e4f6ad5d.jpg,0,0,0,0,1,0,37.585496415997966
8b6ba27c-933a-420e-b06b-3097ce88f12a.jpg,U,0,U,U,1,U,385.36559387600386
8b6c876e-1ecc-43fa-abf7-eaf45ce938f7.jpg,1,0,0,1,1,0,29.389050709000003
8baa2495-b29e-40a4-8add-2c31ea526882.jpg,0,0,0,0,1,0,15.764180750000037
8c455ac2-7268-432c-bec2-b7e9c7c3e46d.jpg,0,0,0,0,1,0,6.927785375000042
8c7e8609-855a-408a-9bcf-2c0cf55517aa.jpg,0,0,1,1,1,0,24.527276792002
8e0c6596-f69b-402a-9724-b2c28c4ee63f.jpg,1,0,1,1,1,1,504.76293174999125
8f3fb39d-80af-4d1a-8569-aca37c611bce.jpg,1,0,0,1,1,0,3.726484125000013
8f9453e7-63a2-46a9-a070-b70c70c49375.jpg,1,0,0,1,1,0,3.2788816669999505
900b9d2a-ca61-45e8-8c4b-d56f855c2f37.jpg,0,1,1,1,1,0,7.82354133299998
903b78b6-e0be-4abf-930c-7a39a85530e8.jpg,0,0,1,1,1,1,34.09821495900144
90bc4cee-4c8a-4ce9-a590-186dbb7310d3.jpg,1,0,0,1,1,0,34.12757487499783
90e57fea-9285-405e-86dd-2139427806e0.jpg,1,1,1,1,1,0,39.59073987600027
9140fb27-6d99-458d-9208-75871887bfed.jpg,1,0,U,1,1,0,27.03545570699987
91b1b19f-37d9-4c03-a40f-9a88cd66b861.jpg,1,0,0,1,1,0,4.146961500000032
91e5a41d-9799-4637-bb84-af7c3a1dbb12.jpg,1,0,0,1,1,0,12.279358334000335
928431ce-c5a8-4afb-848c-3bb0fe21e55e.jpg,0,0,0,0,1,0,3.5672001660000205
92b6f0cf-73cb-4844-a249-6d05e284a86a.jpg,0,0,0,0,1,0,3.1715300829999933
937917e5-61c9-4242-97ae-2e1740dd3efe.jpg,0,0,1,1,1,0,7.950298083999996
93d84d2c-8039-47da-9f2c-60152c02bc33.jpg,0,0,1,1,1,0,6.452636167000037
94a46e55-b6a7-4d18-9c6e-232670884008.jpg,1,1,1,1,1,0,47.256250249998345
950f4f45-2aad-4228-b7f3-d7efd69de274.jpg,1,1,1,1,1,1,223.52449933099604
95132b49-91df-48a1-92c7-9569938e4e01.jpg,U,0,U,1,1,U,524.1694790430062
9545a7d3-b61d-4743-93e3-ff8a8ecdb14a.jpg,1,0,1,1,1,0,45.18380762499646
95672787-bfb4-4c09-b395-912b1ddfb84d.jpg,1,0,0,1,1,0,14.649163666000732
95d28a3e-4532-4a92-a464-f903ec3fd20c.jpg,0,1,1,1,1,0,18.734032624999827
95d39c14-4457-4af0-9d04-b2461b032757.jpg,1,0,1,1,1,0,17.386425459000066
9605aa47-64ce-45fe-bfad-f53679ad78b0.jpg,1,1,0,1,1,0,33.018670834000545
969c5826-57e6-423e-becb-e2d3c8273fac.jpg,U,1,1,1,1,U,63.20317549999936
969d529f-9e5e-41e6-b14d-6e1ec117d994.jpg,1,1,1,1,1,0,144.83747537499812
970b76ba-c67e-4a74-849c-1d91f306a402.jpg,0,0,1,1,1,1,165.41464462499493
97399416-f92e-4037-9a00-c277da3823e0.jpg,U,1,U,1,1,U,46.414118998998674
97b7aab2-ec4f-47a0-9631-a20f9d764031.jpg,1,1,1,1,1,0,62.142552208001916
97d58922-0d48-4b52-9d40-12120750e687.jpg,0,1,1,1,1,0,17.94755558299846
97d801d8-7c36-4272-ba05-f875db66e633.jpg,U,0,U,1,1,U,194.5999872910038
980bdcf3-a14f-427a-a04a-ef954a164888.jpg,1,0,1,1,1,0,47.91892695700051
98b2d5db-89b7-4b37-9c70-188f26255d3b.jpg,1,1,1,1,1,1,12.424504500000467
99486481-4b17-48d4-b6f7-84a0942791a6.jpg,U,0,0,1,1,U,523.621460166003
9977ac7e-c405-422a-9f6b-62394d5171f5.jpg,U,0,U,1,1,U,100.0638415420035
99e9961a-5696-4219-8ae9-fcb0cc5ffcd7.jpg,0,0,0,0,1,0,9.44688587500002
9a447f8f-2959-4f75-869c-a7b2a7770929.jpg,1,0,0,1,1,0,8.72746720900011
9aa897b7-6759-43be-a508-b0f7fbc0c8f5.jpg,1,0,0,1,1,0,309.9136443760135
9b0d31b2-7947-4915-b9e0-089c7876e9e6.jpg,1,1,1,1,1,0,270.3611109579948
9b114bc1-9784-4bfd-bc00-f03df8fea1e0.jpg,1,0,0,1,1,0,6.960280207999972
9b3167e3-66b3-40b7-a43a-6c3539d0a23a.jpg,0,0,1,1,1,0,20.82247041599942
9b3a516c-0914-496f-9f1b-82e44d15498b.jpg,0,0,1,1,1,1,45.69287374899966
9b462741-01e8-41dd-aa74-d31081e9a827.jpg,1,0,0,1,1,0,11.2104994999994
9c13a1a7-4c57-4f5f-b8bc-ba121ba14faf.jpg,U,0,U,1,1,U,50.07104937599581
9cc70ad2-f768-45bb-b1fe-4753e2ad2670.jpg,1,0,0,1,1,0,3.48934533299996
9d293b36-2f0a-46ea-8b19-1fabd9be112b.jpg,U,0,0,1,1,U,108.0898367090092
9d4443da-c3d8-4010-86bb-e5a95d7b9221.jpg,1,0,1,1,1,1,12.842880917000002
9db63e84-3b29-4a97-9900-97a5c4cce7b2.jpg,0,1,1,1,1,0,13.654192750000789
9de4c9f3-b038-4e20-9983-28a6cbad29da.jpg,1,0,0,1,1,0,388.7981116670005
9f0aa43e-1cc1-4c85-a0ff-4960e6770bcf.jpg,1,0,0,1,1,0,75849.77573566702
9f23571d-595a-4379-ae8b-5952d35f990b.jpg,1,0,0,1,1,0,3.448468958000035
9f998434-86ee-4f7f-93ca-f8af45e5e801.jpg,U,0,U,1,1,U,45.619513415996266
9ffe968d-dd48-4866-a194-8ee79712d541.jpg,0,0,1,1,1,0,591.1909841680038
a03de25c-4e98-40d4-aaa3-a179d964fd0f.jpg,U,1,1,1,1,0,401.89556979299084
a12a160f-d179-43ac-9ad7-647b5a789f2f.jpg,1,0,0,1,1,0,15.122668499999918
a1a1eee4-5aa0-426c-91a0-f19472de87ac.jpg,0,0,1,1,1,0,391.34133066498964
a1ddeb02-63c2-4e83-af5e-9b9937f725bc.jpg,1,0,0,1,1,0,4.416298624999968
a2af9a46-0c1f-4858-aba7-2d6adac778a1.jpg,1,1,1,1,1,0,11.998264207999227
a2dbb32a-6c74-4b63-91eb-387f67b61c97.jpg,1,0,1,1,1,0,25.148336000013956
a2f7bcf4-39fc-4ef3-9b8e-db1a801c098f.jpg,0,0,1,1,1,1,71.5277935420088
a30ee398-ff8a-44f1-b4bf-82180d570f61.jpg,U,0,U,U,1,U,71.86199916702412
a34dfeca-426d-44fe-8173-e8041cb66b75.jpg,0,0,0,0,1,0,3.8087982499999953
a49fc740-a4d2-49d2-9cd6-69ae106cdb54.jpg,1,0,1,1,1,0,208.0377305819684
a4a79b6e-f21d-41e9-8aa3-c44f4384afd1.jpg,0,0,1,1,1,1,55.0336693319764
a4defe0d-44bc-4f46-b253-1d64664df26c.jpg,0,0,1,1,1,0,23.861783584987734
a52e248a-fece-4145-829f-8d91f8644be4.jpg,1,0,1,1,1,1,117.50212045898922
a5415f20-52d9-442a-953a-18f6bf774811.jpg,1,1,0,1,1,0,17.078628250000065
a56372bc-5883-4017-8c42-c86cb23dabce.jpg,0,0,1,1,1,0,10.993775874999983
a5b82635-9b86-4851-81f3-f6cdf7f7911a.jpg,U,0,U,U,1,U,713.4535460009985
a602b974-054a-49b1-ad33-db60a7d53dbe.jpg,1,0,0,1,1,0,14.433634709000103
a61ee3dc-dcda-441c-81d8-0af8ebcda6ae.jpg,0,0,1,1,1,0,5.805483500000037
a645db3c-19c8-4a03-aeda-27e0cae0edd4.jpg,0,0,1,1,1,0,205.0002409580079
a6e23033-b659-4ed7-a713-6e160b71552b.jpg,1,0,0,1,1,0,171.45700512500923
a7051bb3-95cf-47cd-af93-0b45130a6122.jpg,1,0,0,1,1,0,5.571758041999942
a7ebc305-e875-47bc-b599-0ee85b5e7860.jpg,0,0,0,0,1,0,6.736188707999986
a7fee4ec-61ec-4b4a-ac67-ff0b76f11484.jpg,1,1,1,1,1,1,89.75790362397834
a8d80aec-b6fa-4863-8152-4788ac48f99b.jpg,0,1,1,1,1,0,16.72805937499993
a8e28e68-6f3c-4e41-b793-741af2d741a9.jpg,1,0,1,1,1,0,65.77413895700693
a9475890-64f6-4bc2-bb8f-ac242f0b6ece.jpg,1,0,0,1,1,0,11.387943500000006
a9db790a-98da-416c-9107-2ca17aac6d83.jpg,1,1,1,1,1,0,84.4720175829807
aa91da8f-0b03-41fe-b415-26ca3de41947.jpg,1,0,0,1,1,0,3.7635127080000075
ab2ca688-0b24-4b55-9053-4bd5da6a375b.jpg,U,0,U,1,1,U,192.0025110010048
ab4e8c67-0aa6-4d07-ad9f-862458c250d4.jpg,1,0,0,1,1,0,42284.44130395899
abf3d550-56cf-48bd-9521-b508cf6ac335.jpg,0,1,0,0,1,0,6.138181916999997
ac1cb198-b411-4f36-9fed-4ad0fc8e6cf3.jpg,0,1,1,1,1,1,637.3403679589986
ac299c75-5c27-44e8-8bb2-9f70507a7bce.jpg,U,0,U,1,1,U,313.5792757499735
ac38dca9-0dbb-4ac2-be60-4d6fb597a2da.jpg,0,1,1,1,1,0,11.69846758299991
ac658928-5ff6-4272-8bc5-ae36885bef10.jpg,1,0,1,1,1,0,48.38880499998504
aca5399e-c7aa-4c2d-8328-e36daac51ffe.jpg,U,0,1,1,1,U,93.40308866601401
acd44e2a-7080-4a2c-95db-49d5c9179118.jpg,0,0,1,1,1,0,7.276707500000043
ad2b0a0f-0a0d-4e3a-bdd9-69d308501916.jpg,1,0,0,1,1,0,7.005031082999949
ad4437a9-a6e9-4ede-bc57-5f75bf6575e4.jpg,1,0,1,1,1,0,12.375489374999916
addb5e6b-a8fa-4d6c-81ea-6d4c484459b4.jpg,0,0,0,0,1,0,3.226772166999922
af493ec5-52f7-497a-8b63-c01957241cde.jpg,0,0,1,1,1,0,12.997538125000005
af755275-0244-451e-bffb-a67dd2c61165.jpg,U,1,1,1,1,U,13.895482125000171
b008f129-6966-4901-a385-abf60525001b.jpg,1,1,1,1,1,0,128.85913891701455
b02374cf-abb8-4b9a-8efd-7ebe5ade6213.jpg,1,0,0,1,1,0,7.149431667000044
b0cb3591-497f-40a1-8509-e0944dcdb6bb.jpg,1,0,0,1,1,0,228.18205008200027
b11558f0-86ee-44f5-a8b5-09c65cfdc361.jpg,1,1,1,1,1,0,180.9721844159891
b289cf55-7bd0-4239-aa28-b163e6cc5ae3.jpg,1,1,1,1,1,0,29.25582687499491
b2ce2ef7-cfc1-4d6f-bfb7-522a48fa5810.jpg,1,1,1,1,1,1,32.78735241700201
b2d20f83-a28d-4239-80a2-c9a180f2bf04.jpg,1,1,0,1,1,0,11.17664554198609
b34b29c2-b43c-49ed-a8a2-a2d9e38b5786.jpg,1,0,1,1,1,1,40.158531708991404
b381c2cb-6ad7-4c70-85a0-325379f2e4c6.jpg,0,0,1,1,1,1,49.59015408300456
b3b9b431-731f-49a3-b3c0-724ce409c36a.jpg,U,0,U,U,1,U,92.95813687399323
b4126f74-a39e-45dc-9b56-7a8261749c3c.jpg,0,0,1,1,1,1,174.42242549999946
b41f00a8-2a99-4712-9902-6120eb5c2e70.jpg,1,0,0,1,1,0,52.53428695897787
b43a6680-cda6-420b-a40b-ae7d936b1880.jpg,U,0,U,1,1,U,37.655387624001605
b4631081-6b9b-4103-81a7-19d0bdd1fc63.jpg,U,0,U,U,1,U,14.18988470900672
b48d03b0-73e0-43e2-82cd-87a59b038eb1.jpg,1,0,0,1,1,0,5.869278249999979
b493f3ff-bc90-4d19-82a1-2ba3e8fb9088.jpg,0,1,1,1,1,1,18.501489499979925
b6692c74-0f24-422d-975d-ea35db19cbec.jpg,1,0,0,1,1,0,13.681953916000111
b6f0c920-e698-4090-a02f-835f98057135.jpg,1,0,0,1,1,0,18.536288458986974
b72e6010-7f2c-48bb-b9e5-8b637b56b871.jpg,1,0,1,1,1,0,26.158539291999887
b75ffa2b-01b1-4873-af21-58e95e7dfe57.jpg,0,0,0,0,1,0,9.802851540999654
b7770d28-40b9-438a-b6d3-b94f32239749.jpg,1,0,0,1,0,0,6.7722969999999805
b8456832-de86-4c9a-9167-3e43c99522c4.jpg,1,0,0,1,1,0,4.399069291999922
b851e886-39ea-4acd-bd42-460694bc8271.jpg,U,0,0,1,1,U,96.98912454201263
b8840367-437a-4d0b-a93a-ac2316b5c637.jpg,1,0,0,1,1,0,4.465179625000019
b886590b-fe34-492d-acdf-9947ebdd27db.jpg,0,0,0,0,1,0,3.1251249590000043
b8c56959-c525-4aa9-a733-dfe759cc5e37.jpg,0,0,0,0,1,0,7.87753729200017
b99b134f-8975-48ac-9e76-8269d74f2666.jpg,1,0,0,1,1,0,6.925686207999888
ba36d306-139e-4fe7-b78e-9a8a92b2a725.jpg,0,1,1,1,1,0,16.426282624995793
bad916c9-5567-495e-840b-fc975896e513.jpg,1,1,1,1,1,0,38.71798295798226
badad643-bbbb-4b4e-a3c9-e1df843c9ef4.jpg,U,1,1,1,1,1,363.8493947080017
baee9f02-843e-406e-a888-443c4215856f.jpg,1,0,1,1,1,0,7.63201420900009
bb1a5dbc-c5ed-49bb-8590-9b4e3e822687.jpg,1,0,0,1,1,0,6.924582707999889
bb5acb28-6c1f-493a-bcbc-0b08f2aef085.jpg,1,0,0,1,1,0,9.789854748999687
bb5c47be-4af7-4537-a024-b1c731c45648.jpg,U,0,1,1,1,U,13.356743792013049
bbf85763-e566-4eec-a57e-68c9ede69dd9.jpg,1,0,0,1,1,0,181.4932915830061
bc69fcd7-9973-4c75-baef-c874b546f576.jpg,0,1,1,1,1,1,78.62887924998518
bc9b1b9d-78b1-4ba8-9ea8-ec2878bd8298.jpg,1,0,1,1,1,0,34.33475975002261
bd6bde10-3704-4f54-96aa-394c53673584.jpg,0,0,0,1,1,1,2449.948206333017
beaeb811-e23f-4db2-b77e-d7e51068c926.jpg,1,0,1,1,1,0,29.933168376000594
beddbc25-5d69-4815-9d9f-9b4fd6bb3690.jpg,1,1,1,1,1,0,405.85968587499906
bede8889-7a4b-470b-b440-c437a6c5bded.jpg,0,0,0,0,1,0,3.532165458999998
bfaf81a6-68b4-4aba-84ec-b682d4a4e82d.jpg,1,1,1,1,1,1,19.336956166005166
bfb2fb15-e489-4dad-9bfe-4970be31c0d7.jpg,U,0,U,1,1,U,33.17199674999074
bfc47795-bdd9-4edb-ba13-a0637b5c1f32.jpg,0,1,1,1,1,1,58.38988487600841
c055b2dc-5a1d-4644-90ee-550799034dcb.jpg,1,0,1,1,1,0,303.2871148330046
c139e0e7-5a4d-46d5-8bd7-591b2249c4f2.jpg,0,0,0,0,1,0,6.598591292000037
c158b918-cfd8-43f7-9132-c835098f46b3.jpg,U,0,U,1,1,0,20.03983658299694
c195f0c2-74e8-45ef-9c56-2319502d22d6.jpg,U,0,U,U,1,U,12.279439208011354
c1cee9cc-5120-4600-8a9f-ff2e6b882487.jpg,0,0,0,0,1,0,2.528575499999988
c1d015ff-e2ef-46e8-9bc0-b3a593cb1f04.jpg,1,0,0,1,1,1,56.37451362499064
c1d55690-0b05-4daf-8f73-2aebd5c811ce.jpg,U,0,U,1,1,U,314.5045625000105
c22c3fc1-0b1b-4466-9745-45f440382b7c.jpg,1,0,0,1,1,0,56.311635375013566
c23fd0c1-eb9d-43c4-98a3-7a4ce9025852.jpg,0,0,1,1,1,1,49.09580966500039
c27a48bf-75e1-4a97-a484-939ea84e1217.jpg,0,0,0,0,1,0,4.20914662500013
c34e60eb-d99e-45f0-a7d9-852c656ebe27.jpg,0,0,0,0,1,0,13.747729000000163
c35461a0-72e4-46ab-b8cb-959101a06243.jpg,1,0,0,1,1,0,6.994208374999971
c3e52494-0ecf-49ba-bfc5-51f9cfe7a275.jpg,0,1,1,1,1,0,16.032652832999474
c3ff1ea7-b6aa-4531-85a6-f0f150e95f86.jpg,1,0,1,1,1,0,14.595092457999954
c41ac675-fbee-4e94-a512-6adadf51152b.jpg,1,1,1,1,1,1,7.220251499999904
c484a309-6a60-4edd-aca6-0f7922ec3d50.jpg,0,0,1,1,1,1,302.90847762702447
c4d3ec31-c055-4b34-96bd-5861b2a31540.jpg,1,1,0,1,1,0,23.695207459000812
c4ec2137-33ff-44b8-8770-f14af31048d8.jpg,1,0,1,1,1,1,27.76970754199988
c508118e-bac1-4e5a-9e3f-7bf4220e317b.jpg,U,0,U,U,1,U,118.95805387501059
c659d326-f046-4b21-a3e2-cef19d267317.jpg,1,0,1,1,1,0,20.180159332985113
c6cdaa48-c4c3-4d48-aeab-bac3ad611ea4.jpg,1,0,1,1,1,0,11.077478874999997
c6e8f90d-b900-4c6d-b018-ced52caf17b7.jpg,1,0,0,1,1,0,253.6984983750026
c70eec27-a5f4-44ae-93dc-b95a91a1c5a5.jpg,1,0,0,1,1,1,24.453226499994116
c7b92742-6db3-4a68-9e28-99543b4e2b1f.jpg,0,0,0,0,1,0,2.377743666000015
c7cf4fdf-b413-4ad6-89ac-de2e03b1df97.jpg,0,0,0,0,1,0,2.2559279590000187
c7fc8528-36ec-4802-9d30-aeb245938bf9.jpg,0,0,1,1,1,0,16.033540791999485
c881ceca-1a96-43e3-84c0-6ccdba2e0ca6.jpg,1,0,0,1,1,0,5.808621541000093
c8ac5eca-d37c-4a79-92cc-7251c2062f93.jpg,0,0,0,0,1,0,10.565847873991288
c9503475-217d-435a-9113-00f641e78e91.jpg,0,1,0,0,1,0,3.766298000000006
c95054a4-3430-4d95-81cd-01d30e142bba.jpg,1,0,0,1,1,0,92.34094900102309
c956af2e-8a7f-4478-b779-41be2f8d763c.jpg,1,0,1,1,1,0,37.69398475002072
c976aa58-c3bb-40da-8556-480b42f2213e.jpg,1,0,1,1,1,1,69.11459083397858
ca1811d4-f1ae-4d7c-a70c-ccca2f4e0639.jpg,0,0,0,1,1,1,16.784827124995218
ca5a38ad-cb78-4b54-9da9-6838eaf94f79.jpg,0,0,0,0,1,0,2.9392148750000615
ca61b42b-3caf-4525-852c-1e8d65e45857.jpg,0,0,0,0,1,0,2.441048791999947
ca672df2-ccbc-4481-aa98-ca2eccedefa6.jpg,1,1,1,1,1,1,13.509365249999973
caa3c188-1787-4995-be0b-70a9adeded81.jpg,1,0,0,1,1,0,20.65833170900669
cbfb5df7-aaca-47d0-b86e-d9c5a57713fb.jpg,0,0,1,1,1,0,17.729214125
cc481a1f-566c-4db8-a26a-2718e5864d58.jpg,1,0,0,1,1,U,21.985384626000496
cc56cb36-e850-4000-8ca2-caf7a8c1f2f4.jpg,0,0,1,1,1,1,18.750253709017215
cc628fda-289a-4d8f-8d9d-4d0e9dd32c75.jpg,1,1,1,1,1,0,120.35180412498357
cc95e524-2134-485b-982b-7c8f0aea0d32.jpg,1,1,0,1,1,0,14.10007508300032
cceef2f6-6664-49d7-82a4-c7c5e0fbc0f0.jpg,0,0,0,0,1,0,7.489889209000012
ccfbf126-396e-49b2-823f-e670ff84ced3.jpg,1,1,0,1,1,1,24.899196373988616
cd30ae12-869b-4a30-b6c2-913b6d40e302.jpg,U,1,1,1,1,1,249.8271972919806
cd525554-5652-437e-b66e-5895c2ce30d7.jpg,U,1,1,1,1,U,121.14430183399077
ce82cd35-d0d9-4a2f-8df8-f34db7f2d0cf.jpg,0,0,0,0,1,0,11.77578674999927
cf9ac3e7-3b81-43e6-ba8a-27d66526466d.jpg,1,1,1,1,1,0,5042.039386082972
cf9bce7b-3f3e-4f63-8770-3b9a70949f78.jpg,U,1,U,1,1,U,14.422392290988682
d0136b65-94d7-4ed6-bf35-6c410cc2882b.jpg,0,0,1,1,1,1,38.03148345800764
d0194458-c4f4-456c-b458-0f479680c014.jpg,0,0,1,1,1,0,29.623452124976666
d036bce6-bc11-4015-9c35-2645212c95fb.jpg,0,0,0,0,1,0,17.981175333009787
d04e1c6b-f281-4231-b90d-48ce1cc646be.jpg,0,0,1,1,1,1,59.127969666975105
d0977f23-62d8-478f-9449-119570cb5635.jpg,0,0,0,0,1,0,4.8452939579999565
d0e5b611-c81f-421b-ba0c-0fffa04fc605.jpg,1,0,0,1,1,0,10.287618333999944
d1a8be76-d64c-49fb-8ea2-06f15618c553.jpg,0,1,0,0,1,0,7.334991457999877
d1b87b6f-8b95-4861-9929-cf42e6fac736.jpg,1,1,0,1,1,0,257.5174929170123
d2113c7f-9af3-4015-9af3-468cbe3b5efb.jpg,0,0,1,1,1,1,27.2832042499997
d219193a-8013-49b0-9837-1470101d70ba.jpg,1,1,0,1,1,0,5.13121799999999
d3d03042-8d44-4ea6-99bd-66abd664131a.jpg,U,1,1,1,1,U,11.019207417007465
d454595a-3ff9-4578-9fe5-ea3258d314a6.jpg,U,0,U,U,1,U,15.323323584993886
d46bcf00-43ba-4a66-a4bf-d287895bc5f6.jpg,0,0,0,0,1,0,16.849845333000303
d4969081-939d-419f-a403-e7b9272476ac.jpg,U,0,U,U,1,U,10.30811470902313
d5232aab-bd59-4650-b414-7bc964d7e583.jpg,0,1,0,0,1,0,4.746930540999983
d558bbb8-c16f-401a-80e8-f556246d8c92.jpg,1,0,1,1,1,0,129.7032433329964
d55bc869-96ad-4312-9185-3adffe28fdbc.jpg,U,0,0,1,1,U,254.22187004099487
d56f153a-fc98-419f-a843-80a8742634ee.jpg,0,0,1,1,1,0,142.42213954100612
d575d373-4b85-4394-b896-c0fc2b3ed67a.jpg,1,0,1,1,1,1,9.514660916999901
d5caab7e-de61-4d45-83d0-c6a5a1d8657b.jpg,0,0,0,0,1,0,13.558117667000715
d5eda295-6f5d-4213-b0e9-2c52ce9699a6.jpg,0,0,1,1,1,0,187.5134620000042
d627f06a-b65b-4e19-a672-f91478a3b9af.jpg,0,0,0,0,1,0,4.8130195000001095
d67d9047-5f76-40de-a2c2-5651a30ac505.jpg,0,0,0,1,1,0,66.30913195800008
d68869ab-61ef-4514-a836-c0c2b96d245d.jpg,1,0,0,1,1,0,8.612563166999962
d6b0af05-ad77-49db-becd-a26f804a758c.jpg,1,0,0,1,1,0,3.766444999999976
d6b2d31f-64a8-449e-9967-0b9678a3e6dd.jpg,0,0,1,1,1,1,11.364986041000066
d6cf72d5-b010-4d55-890b-c5f58dc9d627.jpg,1,0,0,1,1,0,3.238763292000158
d8e22314-76e3-49a3-ad48-222efdb47756.jpg,0,1,0,0,1,0,34.52006774999836
d9762223-a2dc-42cc-b5c0-fde5a9f61bd4.jpg,0,0,0,0,1,0,123.2575507090005
d97a20bd-28da-4288-a1cb-2d8e193a1113.jpg,1,1,1,1,1,U,60.597474083006546
d9c5eec3-f14b-4a0f-a44c-737de68d09cc.jpg,1,1,0,1,1,1,138.91334150000353
d9d14b62-ea6a-4473-ab07-192c00b42450.jpg,0,1,1,1,1,0,22.84799133401043
da9598b9-7d61-4597-ace4-646c558c462c.jpg,1,0,1,1,1,1,38.32186625001668
dabca991-bdaf-4e8f-bd13-a6b32e890b77.jpg,1,0,0,1,1,0,7.30757483299999
db1037e4-b4ba-4994-963f-ab8b1a7aef0d.jpg,1,0,0,1,1,0,13.982084915999621
db1100c3-4043-4c02-9d2e-585d702763a5.jpg,0,0,0,0,1,0,10.73367241599999
db5375b3-87fa-4123-aa85-028646279019.jpg,1,0,0,1,1,0,7.867479999999887
db774a05-3031-40d6-a5a9-207dfc083013.jpg,0,0,0,0,1,0,102.71231591700348
dd22b36f-73c1-4d55-9410-52d64e20d206.jpg,0,0,0,0,1,0,45.410022250012844
de61a6dc-0fdb-468d-b1b8-927257735671.jpg,U,0,U,1,1,U,93.09106541599408
deb796b4-f641-4a7f-9793-7704f8f82f46.jpg,1,1,1,1,1,0,56.846482083013825
df418e56-4118-4bb9-97ff-c002a5ae39c9.jpg,1,1,0,1,1,0,28.08017462497719
df6b81b5-fdca-4751-84a6-2b4f1642d6f4.jpg,1,0,0,1,1,0,63.27369383399946
dfc9c5a9-7e39-4819-8d9c-3a3757911f5d.jpg,1,1,0,1,1,0,57.49014029102091
e041bdac-f62b-45a5-8887-44d976842390.jpg,0,0,0,0,1,0,5.31031350000012
e0448fda-fa5e-4366-8019-b0d0d24c3ccd.jpg,U,0,1,1,1,1,45.20669912399944
e176819a-d839-455b-838f-a7ac8cff0e51.jpg,1,0,0,1,1,0,4.640342416000067
e195449f-49d3-43af-815c-d9f3d299814f.jpg,0,0,0,0,1,0,2.4986453340000025
e1c8139c-9d8b-434f-a37c-c8feb00874c3.jpg,1,0,0,1,1,0,7.284985916999858
e2d05e0f-bc01-4127-a947-fff33b64ab47.jpg,1,0,0,1,1,0,2.9519736250001642
e36b6281-befb-4141-a9f5-3b681edcfa35.jpg,1,0,0,1,1,0,12.851477708000402
e39954f8-a51f-4ea0-af3b-ac56a8afeb12.jpg,1,0,0,1,1,0,8.142174957999941
e4de95e5-c057-468a-963d-5e57b28f5005.jpg,0,0,0,0,1,0,2.365430083000092
e4ffd5a9-6fad-466c-a136-530e3b43d449.jpg,1,0,0,1,1,0,3.1024205840001287
e533739d-4996-469b-8eee-53872f61bb63.jpg,1,0,0,1,1,0,6.974555833000068
e5f4aec9-ba35-4856-b1ee-10b29cdef1be.jpg,1,1,1,1,1,0,30.835303582978213
e6581b50-d88b-4d64-b613-b7692ee5faee.jpg,0,1,0,0,1,0,14.354737582990765
e78f2ef2-4203-4bb8-bfe6-05ce720879b5.jpg,U,1,1,1,1,U,570.2662175819842
e8ce9bef-d7cd-46e8-8db3-c5cc131217f9.jpg,1,0,0,1,1,0,6.4945798749999994
e8f11e29-169b-4e98-aa42-d05643daf8fc.jpg,1,1,1,1,1,1,35.31826483300006
e93b3fa0-a3cd-4add-ae10-dc5f928971da.jpg,1,0,0,1,1,0,7.9071771670001
e942f0de-1e61-42bc-8f0a-8989ed881755.jpg,1,0,0,1,1,0,35.018145790999824
e9dd2150-80f8-4b79-b609-aab207fe28f1.jpg,1,1,1,1,1,0,10.248019416999796
e9dfa7af-fd9c-49aa-8c3c-9a03e63fb87b.jpg,1,1,1,1,1,0,14.597752333000017
ea1a5222-e8cc-4ea8-98fa-36965bab1fea.jpg,0,0,1,1,1,1,20.270957083998837
ea6f8f3d-3285-447f-8f9c-c0a7d468c326.jpg,1,1,1,1,1,0,7.412640167000063
eac0700d-358e-4b55-a81c-638cf03f90f2.jpg,1,0,0,1,1,0,5.04527383300001
eca38ef9-9b7e-43d6-9a4c-7d342d1f1dc9.jpg,1,1,1,1,1,1,11.754846875000112
ecac94c1-dad3-4eb4-a72e-68e6b2fbd512.jpg,1,1,0,1,1,0,104.8591474599989
ecb7d1ac-2a04-4db6-a0db-053ce6bdde6c.jpg,U,0,U,U,1,U,15.5297957499929
ed6faed5-316f-4087-8cf8-7f16d676e43a.jpg,1,0,0,1,1,0,4.602853874999937
ed74ab38-bb06-4f8c-918f-f854b1989463.jpg,1,0,0,1,1,0,2.826604125000131
edfaa2a2-9828-4140-a8ef-c2674dfcbb4e.jpg,1,0,0,1,1,0,10.029216291999774
ee873043-bc25-4259-bb39-28a376037011.jpg,1,0,0,1,1,0,14.26955670800021
ee9a7a15-29dc-4de2-976c-058c6f5cab84.jpg,0,0,0,0,0,0,4.476421790999893
eea2e86b-1d90-4184-8993-5da5cea7f17b.jpg,1,0,0,1,1,0,14.223414126000307
eebbf177-39d8-48e6-8023-37b511b44d3f.jpg,0,0,1,1,1,0,52.71036662402025
ef3f86a2-f38b-4b68-be2c-abf3129aed09.jpg,U,0,U,1,1,U,24.91439579199823
f00d8784-c146-4a6b-95b7-39404ba083ba.jpg,1,0,1,1,1,0,52.26591854199205
f0303bcb-2617-4773-9975-2d6483dcf232.jpg,U,1,U,1,1,U,75.58100587399599
f1321443-6fa6-4b27-8e33-6e7721400555.jpg,1,1,1,1,1,0,46.57772766600715
f171e69e-866d-4790-aad6-171ffa2a41bf.jpg,1,0,0,1,1,0,27.19581433300891
f1e04071-b4a8-423f-8d22-37da75266615.jpg,0,0,0,0,0,0,2.9866424580000057
f2c56975-b486-41c6-9df1-251af665568e.jpg,1,0,0,1,1,0,2.5631295420000697
f2ca80dd-e17f-43c5-b5d3-b6c49f35a8b4.jpg,1,1,1,1,1,0,66.45774012501397
f2eb9dcf-2684-4565-b551-ce9160460bc0.jpg,0,0,0,0,1,0,2.2072396669998398
f408c7c4-fdbb-48d8-9425-d516ac894aab.jpg,1,0,0,1,1,0,119.06112891598968
f42701e5-a553-492b-a3c5-808fe9d31ce9.jpg,0,0,1,1,1,0,30.058276541986288
f568d595-7198-4215-a995-788dc8a275f0.jpg,1,0,0,1,1,0,7.374265874999992
f58cc126-494d-4820-a7a2-6c2d62c45502.jpg,0,0,1,1,1,1,80.90464945800431
f5fad834-b150-4ef7-8fb0-f2546bcf6e0b.jpg,0,0,0,0,1,0,5.0565047919999415
f60d79a4-1455-43e1-818a-b0f18a799342.jpg,1,0,1,1,1,1,8.053150168000002
f6288ea0-9832-496e-9e49-ffd36ec002f9.jpg,1,1,1,1,1,U,15.71438779199957
f64909b7-834e-4fb9-b3af-3311945d9146.jpg,U,1,1,1,1,1,66.05099895800049
f690d180-e8b0-4f56-9900-18ea1da90709.jpg,1,0,0,1,1,0,13.20946400000048
f6cdb24f-a50b-44a6-b2bc-e2afdf61be94.jpg,1,0,0,1,1,0,11.82316262499944
f776646e-b6df-41d2-9c61-0b9c30b36070.jpg,1,1,1,1,1,0,142.91481249997537
f7a75bde-1b3f-4d7d-aad3-8e0f69a4ad3d.jpg,0,1,0,0,1,0,10.624965792000012
f89db346-43ee-41b9-9f5b-2d85970c61f9.jpg,0,0,0,0,1,0,14.809569583001576
f93dad1d-9a38-4745-9428-67a9d2f21341.jpg,0,0,0,0,1,0,256.26198037600034
f993661a-fd60-4119-8596-d6f7f6e6d076.jpg,1,1,1,1,1,1,35.957512124999994
fa4d2a34-76bb-4f39-84e7-219c5977abbf.jpg,0,0,1,1,1,1,70.2532013740065
faae798c-d3b6-4989-87ac-e6c7f9eae698.jpg,1,0,0,1,1,0,112.04444245799368
faca2fdf-9791-4522-93e4-2446bbe29412.jpg,1,0,1,1,1,1,47.538298042020415
fafab592-e5fa-401e-9f21-27248c85eb16.jpg,0,0,1,1,1,1,80.9877292490014
fc0fa519-6870-4961-a8d8-fb1aa5f22fe2.jpg,1,0,1,1,1,0,2373.763182417012
fc8892ab-df22-425b-a6c9-2577e15408f6.jpg,1,0,0,1,1,0,7.905589208000038
fdf46e03-191f-47bc-9ca8-5f16722914a5.jpg,1,0,0,1,1,0,53.02592416599464
fe7b6932-c469-4521-8f5c-2e7fcc4f9df9.jpg,1,0,0,1,1,0,42.81606195898212
feb34090-9967-4223-b299-af3eccbeb570.jpg,1,0,1,1,1,0,19.033442540992382
ffa5f7b0-703e-42ab-be49-1e342b28aed8.jpg,0,0,0,0,1,0,2.3233891249997214
ffa63dfc-7fdd-4e2b-a965-fc59a5fc2ba6.jpg,0,0,0,0,1,0,3.408104624999851
